#N,type,distance,time
3,DOUBLE,0.0,2
6,DOUBLE,0.0,4
5,DOUBLE,0.0,3
7,DOUBLE,0.0,4
9,DOUBLE,0.0,5
10,DOUBLE,0.0,4
8,DOUBLE,0.0,3
11,DOUBLE,0.0,4
1,DOUBLE,0.0,2
13,DOUBLE,0.0,4
14,DOUBLE,0.0,5
15,DOUBLE,0.0,5
16,DOUBLE,0.0,5
17,DOUBLE,0.0,5
18,DOUBLE,0.0,6
19,DOUBLE,0.0,6
20,DOUBLE,0.0,6
21,DOUBLE,0.0,6
2,DOUBLE,0.0,9
22,DOUBLE,0.0,6
23,DOUBLE,0.0,6
24,DOUBLE,0.0,7
25,DOUBLE,0.0,8
26,DOUBLE,0.0,7
27,DOUBLE,0.0,7
28,DOUBLE,0.0,10
29,DOUBLE,0.0,8
30,DOUBLE,0.0,8
31,DOUBLE,0.0,8
32,DOUBLE,0.0,9
33,DOUBLE,0.0,12
34,DOUBLE,0.0,9
36,DOUBLE,0.0,10
35,DOUBLE,0.0,9
37,DOUBLE,0.0,9
38,DOUBLE,0.0,11
39,DOUBLE,0.0,11
40,DOUBLE,0.0,10
41,DOUBLE,0.0,10
42,DOUBLE,0.0,11
43,DOUBLE,0.0,11
44,DOUBLE,0.0,11
45,DOUBLE,0.0,12
46,DOUBLE,0.0,12
47,DOUBLE,0.0,11
49,DOUBLE,0.0,14
48,DOUBLE,0.0,13
4,DOUBLE,0.0,3
50,DOUBLE,0.0,12
52,DOUBLE,0.0,13
53,DOUBLE,0.0,14
54,DOUBLE,0.0,13
55,DOUBLE,0.0,16
56,DOUBLE,0.0,15
58,DOUBLE,0.0,14
60,DOUBLE,0.0,14
57,DOUBLE,0.0,14
61,DOUBLE,0.0,15
63,DOUBLE,0.0,15
64,DOUBLE,0.0,15
65,DOUBLE,0.0,15
62,DOUBLE,0.0,15
66,DOUBLE,0.0,16
67,DOUBLE,0.0,20
68,DOUBLE,0.0,16
70,DOUBLE,0.0,16
71,DOUBLE,0.0,17
72,DOUBLE,0.0,17
12,DOUBLE,0.0,5
51,DOUBLE,0.0,12
75,DOUBLE,0.0,17
76,DOUBLE,0.0,126
77,DOUBLE,0.0,17
78,DOUBLE,0.0,18
79,DOUBLE,0.0,18
80,DOUBLE,0.0,18
81,DOUBLE,0.0,19
74,DOUBLE,0.0,17
59,DOUBLE,0.0,14
83,DOUBLE,0.0,19
84,DOUBLE,0.0,20
85,DOUBLE,0.0,20
86,DOUBLE,0.0,20
87,DOUBLE,0.0,20
88,DOUBLE,0.0,20
89,DOUBLE,0.0,20
90,DOUBLE,0.0,20
91,DOUBLE,0.0,21
92,DOUBLE,0.0,21
93,DOUBLE,0.0,21
94,DOUBLE,0.0,26
82,DOUBLE,0.0,19
96,DOUBLE,0.0,21
97,DOUBLE,0.0,23
98,DOUBLE,0.0,22
95,DOUBLE,0.0,32
101,DOUBLE,0.0,23
100,DOUBLE,0.0,24
102,DOUBLE,0.0,23
103,DOUBLE,0.0,23
104,DOUBLE,0.0,23
105,DOUBLE,0.0,24
99,DOUBLE,0.0,29
107,DOUBLE,0.0,27
108,DOUBLE,0.0,25
109,DOUBLE,0.0,24
110,DOUBLE,0.0,25
111,DOUBLE,0.0,25
106,DOUBLE,0.0,24
114,DOUBLE,0.0,25
113,DOUBLE,0.0,26
112,DOUBLE,0.0,25
116,DOUBLE,0.0,30
117,DOUBLE,0.0,27
118,DOUBLE,0.0,26
119,DOUBLE,0.0,27
120,DOUBLE,0.0,27
121,DOUBLE,0.0,27
122,DOUBLE,0.0,27
123,DOUBLE,0.0,28
124,DOUBLE,0.0,28
115,DOUBLE,0.0,26
126,DOUBLE,0.0,29
127,DOUBLE,0.0,28
128,DOUBLE,0.0,29
129,DOUBLE,0.0,28
130,DOUBLE,0.0,30
125,DOUBLE,0.0,57
73,DOUBLE,0.0,19
133,DOUBLE,0.0,31
134,DOUBLE,0.0,29
135,DOUBLE,0.0,30
69,DOUBLE,0.0,21
136,DOUBLE,0.0,30
137,DOUBLE,0.0,30
138,DOUBLE,0.0,31
139,DOUBLE,0.0,31
140,DOUBLE,0.0,32
141,DOUBLE,0.0,31
143,DOUBLE,0.0,32
142,DOUBLE,0.0,33
145,DOUBLE,0.0,32
144,DOUBLE,0.0,32
146,DOUBLE,0.0,33
147,DOUBLE,0.0,33
149,DOUBLE,0.0,34
150,DOUBLE,0.0,33
131,DOUBLE,0.0,34
151,DOUBLE,0.0,34
153,DOUBLE,0.0,34
154,DOUBLE,0.0,34
155,DOUBLE,0.0,34
156,DOUBLE,0.0,34
157,DOUBLE,0.0,34
148,DOUBLE,0.0,47
159,DOUBLE,0.0,35
160,DOUBLE,0.0,36
132,DOUBLE,0.0,30
161,DOUBLE,0.0,254
163,DOUBLE,0.0,39
158,DOUBLE,0.0,35
164,DOUBLE,0.0,36
166,DOUBLE,0.0,37
167,DOUBLE,0.0,36
165,DOUBLE,0.0,40
169,DOUBLE,0.0,37
162,DOUBLE,0.0,35
170,DOUBLE,0.0,41
152,DOUBLE,0.0,35
173,DOUBLE,0.0,39
172,DOUBLE,0.0,38
174,DOUBLE,0.0,42
175,DOUBLE,0.0,38
177,DOUBLE,0.0,39
171,DOUBLE,0.0,41
176,DOUBLE,0.0,40
168,DOUBLE,0.0,47
180,DOUBLE,0.0,39
179,DOUBLE,0.0,40
182,DOUBLE,0.0,42
181,DOUBLE,0.0,12
185,DOUBLE,0.0,41
183,DOUBLE,0.0,44
184,DOUBLE,0.0,12
188,DOUBLE,0.0,14
189,DOUBLE,0.0,10
191,DOUBLE,0.0,10
192,DOUBLE,0.0,10
178,DOUBLE,0.0,24
187,DOUBLE,0.0,22
193,DOUBLE,0.0,9
190,DOUBLE,0.0,12
195,DOUBLE,0.0,10
186,DOUBLE,0.0,19
198,DOUBLE,0.0,9
199,DOUBLE,0.0,10
194,DOUBLE,0.0,10
200,DOUBLE,0.0,9
201,DOUBLE,0.0,10
203,DOUBLE,0.0,10
204,DOUBLE,0.0,10
205,DOUBLE,0.0,10
206,DOUBLE,0.0,10
202,DOUBLE,0.0,13
208,DOUBLE,0.0,12
207,DOUBLE,0.0,14
196,DOUBLE,0.0,12
197,DOUBLE,0.0,30
210,DOUBLE,0.0,16
209,DOUBLE,0.0,11
211,DOUBLE,0.0,10
212,DOUBLE,0.0,11
213,DOUBLE,0.0,13
214,DOUBLE,0.0,11
215,DOUBLE,0.0,11
216,DOUBLE,0.0,12
217,DOUBLE,0.0,11
218,DOUBLE,0.0,11
219,DOUBLE,0.0,12
221,DOUBLE,0.0,19
224,DOUBLE,0.0,12
225,DOUBLE,0.0,11
223,DOUBLE,0.0,18
227,DOUBLE,0.0,11
222,DOUBLE,0.0,11
228,DOUBLE,0.0,12
230,DOUBLE,0.0,11
231,DOUBLE,0.0,14
232,DOUBLE,0.0,11
233,DOUBLE,0.0,12
234,DOUBLE,0.0,17
235,DOUBLE,0.0,12
236,DOUBLE,0.0,12
237,DOUBLE,0.0,14
238,DOUBLE,0.0,11
220,DOUBLE,0.0,11
241,DOUBLE,0.0,13
242,DOUBLE,0.0,13
226,DOUBLE,0.0,11
243,DOUBLE,0.0,20
244,DOUBLE,0.0,12
246,DOUBLE,0.0,13
245,DOUBLE,0.0,14
247,DOUBLE,0.0,29
248,DOUBLE,0.0,12
239,DOUBLE,0.0,12
249,DOUBLE,0.0,13
251,DOUBLE,0.0,14
240,DOUBLE,0.0,12
253,DOUBLE,0.0,13
229,DOUBLE,0.0,13
254,DOUBLE,0.0,12
255,DOUBLE,0.0,14
257,DOUBLE,0.0,16
258,DOUBLE,0.0,14
259,DOUBLE,0.0,13
260,DOUBLE,0.0,15
256,DOUBLE,0.0,13
261,DOUBLE,0.0,13
252,DOUBLE,0.0,12
262,DOUBLE,0.0,14
250,DOUBLE,0.0,20
267,DOUBLE,0.0,15
268,DOUBLE,0.0,13
265,DOUBLE,0.0,14
269,DOUBLE,0.0,17
263,DOUBLE,0.0,13
266,DOUBLE,0.0,15
272,DOUBLE,0.0,13
274,DOUBLE,0.0,14
264,DOUBLE,0.0,13
276,DOUBLE,0.0,14
271,DOUBLE,0.0,16
270,DOUBLE,0.0,14
279,DOUBLE,0.0,24
278,DOUBLE,0.0,23
281,DOUBLE,0.0,16
282,DOUBLE,0.0,17
283,DOUBLE,0.0,16
275,DOUBLE,0.0,16
273,DOUBLE,0.0,21
280,DOUBLE,0.0,16
277,DOUBLE,0.0,21
287,DOUBLE,0.0,16
288,DOUBLE,0.0,17
289,DOUBLE,0.0,18
285,DOUBLE,0.0,17
286,DOUBLE,0.0,14
292,DOUBLE,0.0,18
293,DOUBLE,0.0,17
294,DOUBLE,0.0,18
296,DOUBLE,0.0,17
297,DOUBLE,0.0,16
290,DOUBLE,0.0,21
298,DOUBLE,0.0,220
299,DOUBLE,0.0,16
300,DOUBLE,0.0,28
295,DOUBLE,0.0,15
302,DOUBLE,0.0,18
303,DOUBLE,0.0,15
304,DOUBLE,0.0,21
301,DOUBLE,0.0,29
306,DOUBLE,0.0,23
307,DOUBLE,0.0,15
308,DOUBLE,0.0,18
284,DOUBLE,0.0,34
310,DOUBLE,0.0,22
311,DOUBLE,0.0,21
291,DOUBLE,0.0,60
305,DOUBLE,0.0,53
309,DOUBLE,0.0,16
314,DOUBLE,0.0,17
313,DOUBLE,0.0,22
316,DOUBLE,0.0,20
318,DOUBLE,0.0,31
312,DOUBLE,0.0,35
315,DOUBLE,0.0,15
320,DOUBLE,0.0,20
322,DOUBLE,0.0,22
323,DOUBLE,0.0,15
319,DOUBLE,0.0,17
321,DOUBLE,0.0,20
324,DOUBLE,0.0,19
328,DOUBLE,0.0,17
317,DOUBLE,0.0,37
325,DOUBLE,0.0,16
326,DOUBLE,0.0,16
332,DOUBLE,0.0,17
333,DOUBLE,0.0,17
334,DOUBLE,0.0,69
330,DOUBLE,0.0,18
329,DOUBLE,0.0,16
337,DOUBLE,0.0,17
327,DOUBLE,0.0,64
331,DOUBLE,0.0,17
336,DOUBLE,0.0,28
340,DOUBLE,0.0,28
339,DOUBLE,0.0,16
343,DOUBLE,0.0,16
335,DOUBLE,0.0,23
338,DOUBLE,0.0,17
344,DOUBLE,0.0,138
341,DOUBLE,0.0,16
348,DOUBLE,0.0,16
345,DOUBLE,0.0,18
342,DOUBLE,0.0,23
350,DOUBLE,0.0,25
351,DOUBLE,0.0,17
352,DOUBLE,0.0,23
347,DOUBLE,0.0,18
353,DOUBLE,0.0,31
346,DOUBLE,0.0,147
357,DOUBLE,0.0,19
349,DOUBLE,0.0,22
354,DOUBLE,0.0,30
356,DOUBLE,0.0,17
358,DOUBLE,0.0,17
355,DOUBLE,0.0,18
360,DOUBLE,0.0,27
359,DOUBLE,0.0,28
361,DOUBLE,0.0,18
363,DOUBLE,0.0,19
362,DOUBLE,0.0,48
364,DOUBLE,0.0,18
368,DOUBLE,0.0,19
367,DOUBLE,0.0,34
365,DOUBLE,0.0,17
369,DOUBLE,0.0,24
373,DOUBLE,0.0,22
371,DOUBLE,0.0,19
372,DOUBLE,0.0,106
375,DOUBLE,0.0,19
366,DOUBLE,0.0,23
374,DOUBLE,0.0,35
370,DOUBLE,0.0,20
377,DOUBLE,0.0,22
381,DOUBLE,0.0,19
382,DOUBLE,0.0,40
383,DOUBLE,0.0,20
384,DOUBLE,0.0,30
385,DOUBLE,0.0,20
386,DOUBLE,0.0,19
387,DOUBLE,0.0,19
388,DOUBLE,0.0,20
389,DOUBLE,0.0,67
378,DOUBLE,0.0,21
379,DOUBLE,0.0,20
391,DOUBLE,0.0,25
392,DOUBLE,0.0,26
376,DOUBLE,0.0,43
380,DOUBLE,0.0,26
395,DOUBLE,0.0,115
396,DOUBLE,0.0,24
397,DOUBLE,0.0,23
393,DOUBLE,0.0,25
399,DOUBLE,0.0,21
394,DOUBLE,0.0,24
401,DOUBLE,0.0,82
402,DOUBLE,0.0,20
403,DOUBLE,0.0,24
405,DOUBLE,0.0,22
398,DOUBLE,0.0,22
400,DOUBLE,0.0,26
390,DOUBLE,0.0,21
407,DOUBLE,0.0,88
406,DOUBLE,0.0,22
409,DOUBLE,0.0,24
408,DOUBLE,0.0,84
412,DOUBLE,0.0,27
411,DOUBLE,0.0,30
410,DOUBLE,0.0,104
414,DOUBLE,0.0,103
404,DOUBLE,0.0,93
415,DOUBLE,0.0,30
416,DOUBLE,0.0,27
418,DOUBLE,0.0,22
413,DOUBLE,0.0,41
422,DOUBLE,0.0,36
419,DOUBLE,0.0,27
420,DOUBLE,0.0,21
421,DOUBLE,0.0,20
424,DOUBLE,0.0,20
425,DOUBLE,0.0,19
428,DOUBLE,0.0,18
427,DOUBLE,0.0,20
429,DOUBLE,0.0,19
423,DOUBLE,0.0,18
430,DOUBLE,0.0,19
432,DOUBLE,0.0,21
433,DOUBLE,0.0,19
434,DOUBLE,0.0,19
435,DOUBLE,0.0,19
426,DOUBLE,0.0,35
437,DOUBLE,0.0,21
431,DOUBLE,0.0,29
438,DOUBLE,0.0,37
439,DOUBLE,0.0,29
436,DOUBLE,0.0,30
442,DOUBLE,0.0,20
443,DOUBLE,0.0,19
417,DOUBLE,0.0,19
444,DOUBLE,0.0,19
445,DOUBLE,0.0,19
446,DOUBLE,0.0,19
447,DOUBLE,0.0,19
449,DOUBLE,0.0,21
440,DOUBLE,0.0,19
450,DOUBLE,0.0,21
441,DOUBLE,0.0,28
452,DOUBLE,0.0,21
453,DOUBLE,0.0,24
448,DOUBLE,0.0,20
456,DOUBLE,0.0,33
455,DOUBLE,0.0,19
458,DOUBLE,0.0,24
457,DOUBLE,0.0,23
460,DOUBLE,0.0,24
459,DOUBLE,0.0,23
462,DOUBLE,0.0,22
454,DOUBLE,0.0,24
461,DOUBLE,0.0,27
464,DOUBLE,0.0,21
465,DOUBLE,0.0,21
467,DOUBLE,0.0,20
451,DOUBLE,0.0,29
463,DOUBLE,0.0,23
470,DOUBLE,0.0,21
471,DOUBLE,0.0,20
469,DOUBLE,0.0,21
466,DOUBLE,0.0,20
474,DOUBLE,0.0,29
468,DOUBLE,0.0,35
475,DOUBLE,0.0,23
477,DOUBLE,0.0,24
473,DOUBLE,0.0,35
476,DOUBLE,0.0,35
478,DOUBLE,0.0,22
472,DOUBLE,0.0,20
482,DOUBLE,0.0,26
483,DOUBLE,0.0,21
481,DOUBLE,0.0,21
485,DOUBLE,0.0,24
480,DOUBLE,0.0,21
487,DOUBLE,0.0,22
488,DOUBLE,0.0,21
484,DOUBLE,0.0,25
479,DOUBLE,0.0,20
486,DOUBLE,0.0,29
490,DOUBLE,0.0,23
492,DOUBLE,0.0,22
489,DOUBLE,0.0,23
496,DOUBLE,0.0,24
495,DOUBLE,0.0,25
494,DOUBLE,0.0,23
498,DOUBLE,0.0,23
499,DOUBLE,0.0,40
500,DOUBLE,0.0,22
491,DOUBLE,0.0,29
501,DOUBLE,0.0,22
503,DOUBLE,0.0,23
504,DOUBLE,0.0,21
493,DOUBLE,0.0,23
497,DOUBLE,0.0,22
507,DOUBLE,0.0,21
508,DOUBLE,0.0,27
509,DOUBLE,0.0,21
511,DOUBLE,0.0,22
506,DOUBLE,0.0,26
505,DOUBLE,0.0,21
513,DOUBLE,0.0,22
502,DOUBLE,0.0,21
514,DOUBLE,0.0,22
510,DOUBLE,0.0,23
516,DOUBLE,0.0,23
518,DOUBLE,0.0,35
512,DOUBLE,0.0,22
519,DOUBLE,0.0,22
520,DOUBLE,0.0,27
522,DOUBLE,0.0,23
517,DOUBLE,0.0,22
523,DOUBLE,0.0,27
521,DOUBLE,0.0,22
515,DOUBLE,0.0,33
527,DOUBLE,0.0,23
528,DOUBLE,0.0,32
524,DOUBLE,0.0,23
525,DOUBLE,0.0,22
531,DOUBLE,0.0,29
526,DOUBLE,0.0,23
529,DOUBLE,0.0,24
534,DOUBLE,0.0,28
532,DOUBLE,0.0,30
530,DOUBLE,0.0,28
537,DOUBLE,0.0,23
538,DOUBLE,0.0,24
535,DOUBLE,0.0,25
536,DOUBLE,0.0,23
539,DOUBLE,0.0,33
542,DOUBLE,0.0,29
540,DOUBLE,0.0,27
533,DOUBLE,0.0,24
543,DOUBLE,0.0,23
541,DOUBLE,0.0,24
546,DOUBLE,0.0,31
544,DOUBLE,0.0,25
547,DOUBLE,0.0,23
548,DOUBLE,0.0,23
545,DOUBLE,0.0,30
552,DOUBLE,0.0,27
553,DOUBLE,0.0,24
551,DOUBLE,0.0,41
549,DOUBLE,0.0,26
550,DOUBLE,0.0,26
557,DOUBLE,0.0,32
558,DOUBLE,0.0,24
554,DOUBLE,0.0,22
555,DOUBLE,0.0,27
556,DOUBLE,0.0,46
562,DOUBLE,0.0,24
564,DOUBLE,0.0,24
565,DOUBLE,0.0,23
566,DOUBLE,0.0,23
561,DOUBLE,0.0,24
559,DOUBLE,0.0,39
567,DOUBLE,0.0,26
563,DOUBLE,0.0,41
570,DOUBLE,0.0,25
568,DOUBLE,0.0,34
572,DOUBLE,0.0,46
569,DOUBLE,0.0,34
560,DOUBLE,0.0,36
571,DOUBLE,0.0,55
574,DOUBLE,0.0,44
578,DOUBLE,0.0,26
573,DOUBLE,0.0,32
576,DOUBLE,0.0,79
579,DOUBLE,0.0,25
577,DOUBLE,0.0,33
582,DOUBLE,0.0,31
583,DOUBLE,0.0,26
584,DOUBLE,0.0,25
575,DOUBLE,0.0,34
581,DOUBLE,0.0,32
586,DOUBLE,0.0,30
589,DOUBLE,0.0,48
580,DOUBLE,0.0,29
590,DOUBLE,0.0,40
587,DOUBLE,0.0,30
588,DOUBLE,0.0,48
592,DOUBLE,0.0,35
585,DOUBLE,0.0,46
595,DOUBLE,0.0,43
596,DOUBLE,0.0,27
593,DOUBLE,0.0,25
597,DOUBLE,0.0,41
591,DOUBLE,0.0,31
600,DOUBLE,0.0,35
601,DOUBLE,0.0,29
594,DOUBLE,0.0,28
602,DOUBLE,0.0,37
598,DOUBLE,0.0,33
599,DOUBLE,0.0,34
603,DOUBLE,0.0,27
604,DOUBLE,0.0,35
605,DOUBLE,0.0,40
610,DOUBLE,0.0,34
608,DOUBLE,0.0,31
609,DOUBLE,0.0,32
606,DOUBLE,0.0,36
607,DOUBLE,0.0,29
612,DOUBLE,0.0,57
611,DOUBLE,0.0,26
615,DOUBLE,0.0,26
613,DOUBLE,0.0,42
614,DOUBLE,0.0,51
616,DOUBLE,0.0,31
620,DOUBLE,0.0,32
618,DOUBLE,0.0,30
619,DOUBLE,0.0,40
621,DOUBLE,0.0,33
617,DOUBLE,0.0,52
624,DOUBLE,0.0,31
623,DOUBLE,0.0,32
622,DOUBLE,0.0,34
626,DOUBLE,0.0,29
627,DOUBLE,0.0,38
630,DOUBLE,0.0,37
628,DOUBLE,0.0,28
625,DOUBLE,0.0,42
629,DOUBLE,0.0,31
634,DOUBLE,0.0,27
631,DOUBLE,0.0,31
632,DOUBLE,0.0,32
633,DOUBLE,0.0,28
635,DOUBLE,0.0,42
636,DOUBLE,0.0,37
638,DOUBLE,0.0,28
642,DOUBLE,0.0,50
639,DOUBLE,0.0,32
640,DOUBLE,0.0,34
637,DOUBLE,0.0,43
641,DOUBLE,0.0,31
643,DOUBLE,0.0,28
648,DOUBLE,0.0,63
644,DOUBLE,0.0,33
646,DOUBLE,0.0,34
649,DOUBLE,0.0,58
645,DOUBLE,0.0,30
647,DOUBLE,0.0,28
652,DOUBLE,0.0,67
650,DOUBLE,0.0,42
653,DOUBLE,0.0,28
655,DOUBLE,0.0,33
651,DOUBLE,0.0,41
654,DOUBLE,0.0,47
658,DOUBLE,0.0,32
657,DOUBLE,0.0,30
656,DOUBLE,0.0,30
661,DOUBLE,0.0,38
663,DOUBLE,0.0,43
659,DOUBLE,0.0,31
664,DOUBLE,0.0,48
660,DOUBLE,0.0,39
662,DOUBLE,0.0,38
667,DOUBLE,0.0,56
666,DOUBLE,0.0,45
665,DOUBLE,0.0,31
668,DOUBLE,0.0,45
670,DOUBLE,0.0,35
669,DOUBLE,0.0,29
674,DOUBLE,0.0,39
671,DOUBLE,0.0,51
673,DOUBLE,0.0,34
676,DOUBLE,0.0,48
675,DOUBLE,0.0,44
672,DOUBLE,0.0,30
678,DOUBLE,0.0,66
679,DOUBLE,0.0,50
682,DOUBLE,0.0,40
677,DOUBLE,0.0,40
684,DOUBLE,0.0,36
681,DOUBLE,0.0,63
686,DOUBLE,0.0,51
680,DOUBLE,0.0,38
685,DOUBLE,0.0,44
688,DOUBLE,0.0,37
683,DOUBLE,0.0,44
687,DOUBLE,0.0,48
691,DOUBLE,0.0,77
692,DOUBLE,0.0,35
689,DOUBLE,0.0,37
694,DOUBLE,0.0,47
695,DOUBLE,0.0,40
690,DOUBLE,0.0,55
698,DOUBLE,0.0,39
697,DOUBLE,0.0,39
693,DOUBLE,0.0,30
701,DOUBLE,0.0,34
702,DOUBLE,0.0,46
696,DOUBLE,0.0,34
699,DOUBLE,0.0,47
703,DOUBLE,0.0,65
700,DOUBLE,0.0,39
704,DOUBLE,0.0,69
706,DOUBLE,0.0,98
707,DOUBLE,0.0,49
708,DOUBLE,0.0,35
705,DOUBLE,0.0,103
711,DOUBLE,0.0,36
709,DOUBLE,0.0,37
710,DOUBLE,0.0,42
714,DOUBLE,0.0,40
713,DOUBLE,0.0,33
712,DOUBLE,0.0,75
718,DOUBLE,0.0,36
715,DOUBLE,0.0,37
717,DOUBLE,0.0,34
720,DOUBLE,0.0,42
719,DOUBLE,0.0,29
724,DOUBLE,0.0,34
716,DOUBLE,0.0,39
725,DOUBLE,0.0,38
727,DOUBLE,0.0,56
723,DOUBLE,0.0,37
722,DOUBLE,0.0,35
721,DOUBLE,0.0,34
728,DOUBLE,0.0,43
729,DOUBLE,0.0,34
726,DOUBLE,0.0,37
731,DOUBLE,0.0,50
735,DOUBLE,0.0,40
730,DOUBLE,0.0,42
732,DOUBLE,0.0,36
733,DOUBLE,0.0,40
738,DOUBLE,0.0,39
734,DOUBLE,0.0,42
736,DOUBLE,0.0,42
737,DOUBLE,0.0,54
739,DOUBLE,0.0,42
740,DOUBLE,0.0,70
741,DOUBLE,0.0,54
744,DOUBLE,0.0,68
742,DOUBLE,0.0,53
746,DOUBLE,0.0,38
747,DOUBLE,0.0,39
743,DOUBLE,0.0,50
745,DOUBLE,0.0,56
750,DOUBLE,0.0,35
749,DOUBLE,0.0,56
748,DOUBLE,0.0,39
751,DOUBLE,0.0,37
752,DOUBLE,0.0,48
753,DOUBLE,0.0,38
754,DOUBLE,0.0,65
755,DOUBLE,0.0,40
757,DOUBLE,0.0,42
756,DOUBLE,0.0,48
758,DOUBLE,0.0,60
761,DOUBLE,0.0,40
760,DOUBLE,0.0,61
759,DOUBLE,0.0,40
762,DOUBLE,0.0,142
763,DOUBLE,0.0,90
766,DOUBLE,0.0,54
765,DOUBLE,0.0,159
767,DOUBLE,0.0,107
764,DOUBLE,0.0,43
770,DOUBLE,0.0,47
768,DOUBLE,0.0,55
771,DOUBLE,0.0,49
769,DOUBLE,0.0,111
772,DOUBLE,0.0,44
773,DOUBLE,0.0,40
776,DOUBLE,0.0,48
775,DOUBLE,0.0,39
778,DOUBLE,0.0,48
774,DOUBLE,0.0,56
777,DOUBLE,0.0,50
779,DOUBLE,0.0,56
780,DOUBLE,0.0,64
783,DOUBLE,0.0,53
782,DOUBLE,0.0,36
785,DOUBLE,0.0,71
781,DOUBLE,0.0,134
786,DOUBLE,0.0,39
784,DOUBLE,0.0,57
789,DOUBLE,0.0,124
790,DOUBLE,0.0,83
791,DOUBLE,0.0,65
788,DOUBLE,0.0,46
787,DOUBLE,0.0,47
792,DOUBLE,0.0,62
796,DOUBLE,0.0,41
794,DOUBLE,0.0,60
795,DOUBLE,0.0,72
793,DOUBLE,0.0,83
797,DOUBLE,0.0,73
799,DOUBLE,0.0,40
801,DOUBLE,0.0,47
798,DOUBLE,0.0,94
802,DOUBLE,0.0,60
800,DOUBLE,0.0,51
803,DOUBLE,0.0,69
805,DOUBLE,0.0,52
807,DOUBLE,0.0,44
804,DOUBLE,0.0,70
810,DOUBLE,0.0,37
808,DOUBLE,0.0,65
811,DOUBLE,0.0,70
806,DOUBLE,0.0,47
812,DOUBLE,0.0,37
814,DOUBLE,0.0,43
816,DOUBLE,0.0,59
817,DOUBLE,0.0,43
809,DOUBLE,0.0,46
813,DOUBLE,0.0,45
815,DOUBLE,0.0,44
821,DOUBLE,0.0,60
818,DOUBLE,0.0,54
819,DOUBLE,0.0,38
825,DOUBLE,0.0,48
823,DOUBLE,0.0,50
827,DOUBLE,0.0,71
826,DOUBLE,0.0,58
824,DOUBLE,0.0,99
820,DOUBLE,0.0,89
822,DOUBLE,0.0,93
830,DOUBLE,0.0,51
829,DOUBLE,0.0,99
831,DOUBLE,0.0,77
828,DOUBLE,0.0,114
832,DOUBLE,0.0,64
833,DOUBLE,0.0,63
838,DOUBLE,0.0,69
836,DOUBLE,0.0,70
837,DOUBLE,0.0,72
834,DOUBLE,0.0,68
835,DOUBLE,0.0,84
840,DOUBLE,0.0,54
839,DOUBLE,0.0,99
843,DOUBLE,0.0,136
841,DOUBLE,0.0,56
842,DOUBLE,0.0,73
845,DOUBLE,0.0,73
847,DOUBLE,0.0,61
846,DOUBLE,0.0,93
848,DOUBLE,0.0,56
844,DOUBLE,0.0,109
849,DOUBLE,0.0,71
850,DOUBLE,0.0,71
853,DOUBLE,0.0,53
852,DOUBLE,0.0,68
851,DOUBLE,0.0,89
856,DOUBLE,0.0,77
855,DOUBLE,0.0,83
859,DOUBLE,0.0,61
857,DOUBLE,0.0,79
854,DOUBLE,0.0,96
858,DOUBLE,0.0,68
861,DOUBLE,0.0,49
860,DOUBLE,0.0,92
865,DOUBLE,0.0,69
862,DOUBLE,0.0,122
863,DOUBLE,0.0,50
867,DOUBLE,0.0,61
866,DOUBLE,0.0,82
870,DOUBLE,0.0,67
864,DOUBLE,0.0,54
868,DOUBLE,0.0,81
871,DOUBLE,0.0,55
874,DOUBLE,0.0,66
869,DOUBLE,0.0,53
873,DOUBLE,0.0,50
875,DOUBLE,0.0,85
872,DOUBLE,0.0,61
877,DOUBLE,0.0,120
876,DOUBLE,0.0,108
880,DOUBLE,0.0,65
878,DOUBLE,0.0,67
879,DOUBLE,0.0,126
882,DOUBLE,0.0,53
883,DOUBLE,0.0,44
881,DOUBLE,0.0,50
884,DOUBLE,0.0,56
887,DOUBLE,0.0,64
885,DOUBLE,0.0,88
886,DOUBLE,0.0,148
888,DOUBLE,0.0,113
890,DOUBLE,0.0,108
891,DOUBLE,0.0,69
889,DOUBLE,0.0,119
892,DOUBLE,0.0,90
895,DOUBLE,0.0,103
894,DOUBLE,0.0,84
897,DOUBLE,0.0,61
893,DOUBLE,0.0,66
898,DOUBLE,0.0,70
896,DOUBLE,0.0,147
900,DOUBLE,0.0,92
902,DOUBLE,0.0,88
901,DOUBLE,0.0,115
899,DOUBLE,0.0,61
904,DOUBLE,0.0,70
905,DOUBLE,0.0,55
909,DOUBLE,0.0,111
903,DOUBLE,0.0,102
907,DOUBLE,0.0,49
910,DOUBLE,0.0,73
912,DOUBLE,0.0,62
906,DOUBLE,0.0,94
908,DOUBLE,0.0,88
913,DOUBLE,0.0,74
914,DOUBLE,0.0,70
918,DOUBLE,0.0,63
917,DOUBLE,0.0,74
911,DOUBLE,0.0,72
919,DOUBLE,0.0,77
920,DOUBLE,0.0,77
915,DOUBLE,0.0,93
916,DOUBLE,0.0,87
922,DOUBLE,0.0,103
923,DOUBLE,0.0,105
925,DOUBLE,0.0,101
926,DOUBLE,0.0,134
927,DOUBLE,0.0,89
929,DOUBLE,0.0,97
921,DOUBLE,0.0,73
930,DOUBLE,0.0,90
933,DOUBLE,0.0,59
932,DOUBLE,0.0,64
924,DOUBLE,0.0,77
931,DOUBLE,0.0,77
928,DOUBLE,0.0,166
934,DOUBLE,0.0,67
937,DOUBLE,0.0,68
935,DOUBLE,0.0,105
938,DOUBLE,0.0,43
940,DOUBLE,0.0,50
939,DOUBLE,0.0,123
936,DOUBLE,0.0,102
941,DOUBLE,0.0,143
945,DOUBLE,0.0,99
946,DOUBLE,0.0,68
947,DOUBLE,0.0,99
942,DOUBLE,0.0,117
948,DOUBLE,0.0,85
949,DOUBLE,0.0,49
944,DOUBLE,0.0,69
943,DOUBLE,0.0,46
952,DOUBLE,0.0,47
951,DOUBLE,0.0,63
954,DOUBLE,0.0,59
950,DOUBLE,0.0,56
953,DOUBLE,0.0,57
955,DOUBLE,0.0,104
958,DOUBLE,0.0,74
956,DOUBLE,0.0,123
959,DOUBLE,0.0,76
961,DOUBLE,0.0,73
957,DOUBLE,0.0,86
960,DOUBLE,0.0,100
962,DOUBLE,0.0,54
966,DOUBLE,0.0,74
963,DOUBLE,0.0,78
965,DOUBLE,0.0,63
964,DOUBLE,0.0,54
969,DOUBLE,0.0,145
968,DOUBLE,0.0,94
967,DOUBLE,0.0,129
971,DOUBLE,0.0,63
970,DOUBLE,0.0,163
972,DOUBLE,0.0,58
973,DOUBLE,0.0,66
976,DOUBLE,0.0,101
974,DOUBLE,0.0,87
977,DOUBLE,0.0,61
980,DOUBLE,0.0,63
975,DOUBLE,0.0,68
979,DOUBLE,0.0,69
978,DOUBLE,0.0,63
981,DOUBLE,0.0,134
983,DOUBLE,0.0,150
982,DOUBLE,0.0,110
985,DOUBLE,0.0,98
984,DOUBLE,0.0,73
986,DOUBLE,0.0,149
989,DOUBLE,0.0,94
988,DOUBLE,0.0,150
992,DOUBLE,0.0,62
990,DOUBLE,0.0,216
994,DOUBLE,0.0,59
987,DOUBLE,0.0,57
993,DOUBLE,0.0,136
996,DOUBLE,0.0,100
991,DOUBLE,0.0,69
995,DOUBLE,0.0,92
999,DOUBLE,0.0,80
998,DOUBLE,0.0,72
997,DOUBLE,0.0,54
