#N,type,distance,time
1,DOUBLE,0.0,8
4,DOUBLE,0.0,6
6,DOUBLE,0.0,5
7,DOUBLE,0.0,6
8,DOUBLE,0.0,6
9,DOUBLE,0.0,7
10,DOUBLE,0.0,8
11,DOUBLE,0.0,10
3,DOUBLE,0.0,2
13,DOUBLE,0.0,13
12,DOUBLE,0.0,12
14,DOUBLE,0.0,15
15,DOUBLE,0.0,19
16,DOUBLE,0.0,21
17,DOUBLE,0.0,22
18,DOUBLE,0.0,27
19,DOUBLE,0.0,27
20,DOUBLE,0.0,28
21,DOUBLE,0.0,31
22,DOUBLE,0.0,34
23,DOUBLE,0.0,65
24,DOUBLE,0.0,69
25,DOUBLE,0.0,45
26,DOUBLE,0.0,47
27,DOUBLE,0.0,52
28,DOUBLE,0.0,62
29,DOUBLE,0.0,58
30,DOUBLE,0.0,48
31,DOUBLE,0.0,48
32,DOUBLE,0.0,51
33,DOUBLE,0.0,58
36,DOUBLE,0.0,66
34,DOUBLE,0.0,59
35,DOUBLE,0.0,65
37,DOUBLE,0.0,53
38,DOUBLE,0.0,42
39,DOUBLE,0.0,45
40,DOUBLE,0.0,35
41,DOUBLE,0.0,38
42,DOUBLE,0.0,39
43,DOUBLE,0.0,41
44,DOUBLE,0.0,42
45,DOUBLE,0.0,46
46,DOUBLE,0.0,46
2,DOUBLE,0.0,1
49,DOUBLE,0.0,56
50,DOUBLE,0.0,55
51,DOUBLE,0.0,56
52,DOUBLE,0.0,58
53,DOUBLE,0.0,61
54,DOUBLE,0.0,64
55,DOUBLE,0.0,70
56,DOUBLE,0.0,63
57,DOUBLE,0.0,65
5,DOUBLE,0.0,1
58,DOUBLE,0.0,72
60,DOUBLE,0.0,72
61,DOUBLE,0.0,75
47,DOUBLE,0.0,48
62,DOUBLE,0.0,72
63,DOUBLE,0.0,74
64,DOUBLE,0.0,77
65,DOUBLE,0.0,81
66,DOUBLE,0.0,81
67,DOUBLE,0.0,84
68,DOUBLE,0.0,86
69,DOUBLE,0.0,89
70,DOUBLE,0.0,84
71,DOUBLE,0.0,86
72,DOUBLE,0.0,87
59,DOUBLE,0.0,59
48,DOUBLE,0.0,72
73,DOUBLE,0.0,98
76,DOUBLE,0.0,103
77,DOUBLE,0.0,100
75,DOUBLE,0.0,96
78,DOUBLE,0.0,108
79,DOUBLE,0.0,110
80,DOUBLE,0.0,108
81,DOUBLE,0.0,111
82,DOUBLE,0.0,114
85,DOUBLE,0.0,123
74,DOUBLE,0.0,96
87,DOUBLE,0.0,140
88,DOUBLE,0.0,136
89,DOUBLE,0.0,144
90,DOUBLE,0.0,143
91,DOUBLE,0.0,151
92,DOUBLE,0.0,147
94,DOUBLE,0.0,170
93,DOUBLE,0.0,160
96,DOUBLE,0.0,200
83,DOUBLE,0.0,160
97,DOUBLE,0.0,287
98,DOUBLE,0.0,291
99,DOUBLE,0.0,352
100,DOUBLE,0.0,359
101,DOUBLE,0.0,407
102,DOUBLE,0.0,415
95,DOUBLE,0.0,180
103,DOUBLE,0.0,86
105,DOUBLE,0.0,64
106,DOUBLE,0.0,71
107,DOUBLE,0.0,67
108,DOUBLE,0.0,67
109,DOUBLE,0.0,70
110,DOUBLE,0.0,71
84,DOUBLE,0.0,118
111,DOUBLE,0.0,72
112,DOUBLE,0.0,75
114,DOUBLE,0.0,77
115,DOUBLE,0.0,75
116,DOUBLE,0.0,76
113,DOUBLE,0.0,73
117,DOUBLE,0.0,76
118,DOUBLE,0.0,78
86,DOUBLE,0.0,145
119,DOUBLE,0.0,80
120,DOUBLE,0.0,80
121,DOUBLE,0.0,90
122,DOUBLE,0.0,409
124,DOUBLE,0.0,880
125,DOUBLE,0.0,865
126,DOUBLE,0.0,117
127,DOUBLE,0.0,223
128,DOUBLE,0.0,538
123,DOUBLE,0.0,539
130,DOUBLE,0.0,118
132,DOUBLE,0.0,118
131,DOUBLE,0.0,118
133,DOUBLE,0.0,119
134,DOUBLE,0.0,121
135,DOUBLE,0.0,119
136,DOUBLE,0.0,131
104,DOUBLE,0.0,66
139,DOUBLE,0.0,86
138,DOUBLE,0.0,134
140,DOUBLE,0.0,125
141,DOUBLE,0.0,39
142,DOUBLE,0.0,39
143,DOUBLE,0.0,44
144,DOUBLE,0.0,39
145,DOUBLE,0.0,40
146,DOUBLE,0.0,46
147,DOUBLE,0.0,41
148,DOUBLE,0.0,41
150,DOUBLE,0.0,43
151,DOUBLE,0.0,42
137,DOUBLE,0.0,36
149,DOUBLE,0.0,43
152,DOUBLE,0.0,45
153,DOUBLE,0.0,44
154,DOUBLE,0.0,47
129,DOUBLE,0.0,34
156,DOUBLE,0.0,46
157,DOUBLE,0.0,56
160,DOUBLE,0.0,52
159,DOUBLE,0.0,56
161,DOUBLE,0.0,48
163,DOUBLE,0.0,54
162,DOUBLE,0.0,57
164,DOUBLE,0.0,58
167,DOUBLE,0.0,51
166,DOUBLE,0.0,51
158,DOUBLE,0.0,87
168,DOUBLE,0.0,68
169,DOUBLE,0.0,51
155,DOUBLE,0.0,60
170,DOUBLE,0.0,54
171,DOUBLE,0.0,57
172,DOUBLE,0.0,55
173,DOUBLE,0.0,59
174,DOUBLE,0.0,56
175,DOUBLE,0.0,59
176,DOUBLE,0.0,61
177,DOUBLE,0.0,62
178,DOUBLE,0.0,58
179,DOUBLE,0.0,59
180,DOUBLE,0.0,61
182,DOUBLE,0.0,61
183,DOUBLE,0.0,64
184,DOUBLE,0.0,61
185,DOUBLE,0.0,63
165,DOUBLE,0.0,69
186,DOUBLE,0.0,64
187,DOUBLE,0.0,64
188,DOUBLE,0.0,67
190,DOUBLE,0.0,67
181,DOUBLE,0.0,61
191,DOUBLE,0.0,67
192,DOUBLE,0.0,83
193,DOUBLE,0.0,67
195,DOUBLE,0.0,68
196,DOUBLE,0.0,73
197,DOUBLE,0.0,70
198,DOUBLE,0.0,74
189,DOUBLE,0.0,100
199,DOUBLE,0.0,72
200,DOUBLE,0.0,74
201,DOUBLE,0.0,73
194,DOUBLE,0.0,138
203,DOUBLE,0.0,75
204,DOUBLE,0.0,77
205,DOUBLE,0.0,85
207,DOUBLE,0.0,85
209,DOUBLE,0.0,79
208,DOUBLE,0.0,81
210,DOUBLE,0.0,96
211,DOUBLE,0.0,84
206,DOUBLE,0.0,83
212,DOUBLE,0.0,90
213,DOUBLE,0.0,90
202,DOUBLE,0.0,112
214,DOUBLE,0.0,95
216,DOUBLE,0.0,89
217,DOUBLE,0.0,90
219,DOUBLE,0.0,88
220,DOUBLE,0.0,93
221,DOUBLE,0.0,120
222,DOUBLE,0.0,93
223,DOUBLE,0.0,100
225,DOUBLE,0.0,92
224,DOUBLE,0.0,104
226,DOUBLE,0.0,105
227,DOUBLE,0.0,108
228,DOUBLE,0.0,100
229,DOUBLE,0.0,94
231,DOUBLE,0.0,121
230,DOUBLE,0.0,117
218,DOUBLE,0.0,144
232,DOUBLE,0.0,102
215,DOUBLE,0.0,88
233,DOUBLE,0.0,114
236,DOUBLE,0.0,136
234,DOUBLE,0.0,109
237,DOUBLE,0.0,136
240,DOUBLE,0.0,119
238,DOUBLE,0.0,137
241,DOUBLE,0.0,197
239,DOUBLE,0.0,131
242,DOUBLE,0.0,124
243,DOUBLE,0.0,116
245,DOUBLE,0.0,127
235,DOUBLE,0.0,165
247,DOUBLE,0.0,123
246,DOUBLE,0.0,125
248,DOUBLE,0.0,159
249,DOUBLE,0.0,126
251,DOUBLE,0.0,125
250,DOUBLE,0.0,131
252,DOUBLE,0.0,171
244,DOUBLE,0.0,179
254,DOUBLE,0.0,129
256,DOUBLE,0.0,139
253,DOUBLE,0.0,281
258,DOUBLE,0.0,133
259,DOUBLE,0.0,138
257,DOUBLE,0.0,122
255,DOUBLE,0.0,125
261,DOUBLE,0.0,125
262,DOUBLE,0.0,169
265,DOUBLE,0.0,167
264,DOUBLE,0.0,169
263,DOUBLE,0.0,194
266,DOUBLE,0.0,170
267,DOUBLE,0.0,147
268,DOUBLE,0.0,183
269,DOUBLE,0.0,155
270,DOUBLE,0.0,232
260,DOUBLE,0.0,382
271,DOUBLE,0.0,163
272,DOUBLE,0.0,154
274,DOUBLE,0.0,216
276,DOUBLE,0.0,166
277,DOUBLE,0.0,145
273,DOUBLE,0.0,142
278,DOUBLE,0.0,236
279,DOUBLE,0.0,175
280,DOUBLE,0.0,177
281,DOUBLE,0.0,147
282,DOUBLE,0.0,208
283,DOUBLE,0.0,175
284,DOUBLE,0.0,173
285,DOUBLE,0.0,188
286,DOUBLE,0.0,284
287,DOUBLE,0.0,188
288,DOUBLE,0.0,190
289,DOUBLE,0.0,156
290,DOUBLE,0.0,281
291,DOUBLE,0.0,203
292,DOUBLE,0.0,199
293,DOUBLE,0.0,167
275,DOUBLE,0.0,164
295,DOUBLE,0.0,238
296,DOUBLE,0.0,247
297,DOUBLE,0.0,174
298,DOUBLE,0.0,502
299,DOUBLE,0.0,248
300,DOUBLE,0.0,204
301,DOUBLE,0.0,211
302,DOUBLE,0.0,405
303,DOUBLE,0.0,252
306,DOUBLE,0.0,303
305,DOUBLE,0.0,223
304,DOUBLE,0.0,251
307,DOUBLE,0.0,240
309,DOUBLE,0.0,264
310,DOUBLE,0.0,310
294,DOUBLE,0.0,351
312,DOUBLE,0.0,356
313,DOUBLE,0.0,336
314,DOUBLE,0.0,328
311,DOUBLE,0.0,263
315,DOUBLE,0.0,261
316,DOUBLE,0.0,323
318,DOUBLE,0.0,281
319,DOUBLE,0.0,214
308,DOUBLE,0.0,368
320,DOUBLE,0.0,540
317,DOUBLE,0.0,293
322,DOUBLE,0.0,301
323,DOUBLE,0.0,259
324,DOUBLE,0.0,395
321,DOUBLE,0.0,274
326,DOUBLE,0.0,332
327,DOUBLE,0.0,229
328,DOUBLE,0.0,629
330,DOUBLE,0.0,491
331,DOUBLE,0.0,252
325,DOUBLE,0.0,254
332,DOUBLE,0.0,814
333,DOUBLE,0.0,306
329,DOUBLE,0.0,227
337,DOUBLE,0.0,431
336,DOUBLE,0.0,618
339,DOUBLE,0.0,618
338,DOUBLE,0.0,1075
340,DOUBLE,0.0,377
335,DOUBLE,0.0,520
341,DOUBLE,0.0,342
343,DOUBLE,0.0,341
344,DOUBLE,0.0,532
346,DOUBLE,0.0,351
345,DOUBLE,0.0,305
349,DOUBLE,0.0,461
348,DOUBLE,0.0,919
342,DOUBLE,0.0,732
350,DOUBLE,0.0,425
351,DOUBLE,0.0,541
353,DOUBLE,0.0,642
334,DOUBLE,0.0,709
347,DOUBLE,0.0,835
354,DOUBLE,0.0,640
355,DOUBLE,0.0,809
352,DOUBLE,0.0,1047
358,DOUBLE,0.0,329
359,DOUBLE,0.0,953
357,DOUBLE,0.0,438
356,DOUBLE,0.0,493
362,DOUBLE,0.0,447
360,DOUBLE,0.0,444
365,DOUBLE,0.0,339
361,DOUBLE,0.0,516
367,DOUBLE,0.0,633
366,DOUBLE,0.0,1081
364,DOUBLE,0.0,662
363,DOUBLE,0.0,316
368,DOUBLE,0.0,740
369,DOUBLE,0.0,746
371,DOUBLE,0.0,690
373,DOUBLE,0.0,871
372,DOUBLE,0.0,1854
375,DOUBLE,0.0,618
374,DOUBLE,0.0,1100
376,DOUBLE,0.0,1199
378,DOUBLE,0.0,809
379,DOUBLE,0.0,725
370,DOUBLE,0.0,1265
382,DOUBLE,0.0,942
380,DOUBLE,0.0,1544
381,DOUBLE,0.0,1186
385,DOUBLE,0.0,744
384,DOUBLE,0.0,738
383,DOUBLE,0.0,726
386,DOUBLE,0.0,1017
388,DOUBLE,0.0,1058
377,DOUBLE,0.0,760
389,DOUBLE,0.0,508
387,DOUBLE,0.0,1295
390,DOUBLE,0.0,2424
394,DOUBLE,0.0,1492
392,DOUBLE,0.0,2386
391,DOUBLE,0.0,1778
393,DOUBLE,0.0,846
395,DOUBLE,0.0,1234
396,DOUBLE,0.0,1367
397,DOUBLE,0.0,750
401,DOUBLE,0.0,822
400,DOUBLE,0.0,1673
402,DOUBLE,0.0,1640
399,DOUBLE,0.0,853
403,DOUBLE,0.0,1283
398,DOUBLE,0.0,1777
404,DOUBLE,0.0,2218
405,DOUBLE,0.0,1197
409,DOUBLE,0.0,697
410,DOUBLE,0.0,1040
406,DOUBLE,0.0,1235
411,DOUBLE,0.0,830
407,DOUBLE,0.0,946
408,DOUBLE,0.0,1957
412,DOUBLE,0.0,960
413,DOUBLE,0.0,457
415,DOUBLE,0.0,1859
414,DOUBLE,0.0,2691
417,DOUBLE,0.0,936
416,DOUBLE,0.0,1391
419,DOUBLE,0.0,1099
420,DOUBLE,0.0,1410
421,DOUBLE,0.0,1223
418,DOUBLE,0.0,1505
423,DOUBLE,0.0,1065
424,DOUBLE,0.0,2084
425,DOUBLE,0.0,969
426,DOUBLE,0.0,2080
427,DOUBLE,0.0,1364
422,DOUBLE,0.0,1888
428,DOUBLE,0.0,1919
429,DOUBLE,0.0,766
431,DOUBLE,0.0,1987
433,DOUBLE,0.0,1123
434,DOUBLE,0.0,2299
435,DOUBLE,0.0,1202
430,DOUBLE,0.0,1962
436,DOUBLE,0.0,2194
437,DOUBLE,0.0,725
432,DOUBLE,0.0,1804
438,DOUBLE,0.0,1368
441,DOUBLE,0.0,786
443,DOUBLE,0.0,1069
440,DOUBLE,0.0,1767
439,DOUBLE,0.0,1044
445,DOUBLE,0.0,867
446,DOUBLE,0.0,1675
444,DOUBLE,0.0,1859
447,DOUBLE,0.0,1266
442,DOUBLE,0.0,2042
448,DOUBLE,0.0,1734
449,DOUBLE,0.0,1063
450,DOUBLE,0.0,2143
453,DOUBLE,0.0,1134
454,DOUBLE,0.0,2360
455,DOUBLE,0.0,1344
452,DOUBLE,0.0,1900
456,DOUBLE,0.0,2636
451,DOUBLE,0.0,1720
457,DOUBLE,0.0,1166
458,DOUBLE,0.0,2818
461,DOUBLE,0.0,968
460,DOUBLE,0.0,2533
462,DOUBLE,0.0,2496
463,DOUBLE,0.0,1307
459,DOUBLE,0.0,1715
465,DOUBLE,0.0,1863
467,DOUBLE,0.0,1662
466,DOUBLE,0.0,2433
469,DOUBLE,0.0,1579
470,DOUBLE,0.0,2609
471,DOUBLE,0.0,1086
468,DOUBLE,0.0,1568
464,DOUBLE,0.0,2707
472,DOUBLE,0.0,2430
473,DOUBLE,0.0,1656
477,DOUBLE,0.0,1515
474,DOUBLE,0.0,2848
478,DOUBLE,0.0,3244
479,DOUBLE,0.0,3029
476,DOUBLE,0.0,3480
481,DOUBLE,0.0,1676
480,DOUBLE,0.0,3048
482,DOUBLE,0.0,3120
475,DOUBLE,0.0,2238
484,DOUBLE,0.0,3279
485,DOUBLE,0.0,972
486,DOUBLE,0.0,2664
487,DOUBLE,0.0,1597
488,DOUBLE,0.0,2317
489,DOUBLE,0.0,1081
483,DOUBLE,0.0,2201
490,DOUBLE,0.0,2130
495,DOUBLE,0.0,2189
492,DOUBLE,0.0,3667
493,DOUBLE,0.0,1255
494,DOUBLE,0.0,3070
497,DOUBLE,0.0,1541
496,DOUBLE,0.0,2643
498,DOUBLE,0.0,3930
491,DOUBLE,0.0,3234
501,DOUBLE,0.0,1487
499,DOUBLE,0.0,2174
502,DOUBLE,0.0,3518
504,DOUBLE,0.0,2242
503,DOUBLE,0.0,1786
505,DOUBLE,0.0,2605
500,DOUBLE,0.0,4442
507,DOUBLE,0.0,2257
506,DOUBLE,0.0,3907
509,DOUBLE,0.0,2870
511,DOUBLE,0.0,1924
508,DOUBLE,0.0,2840
512,DOUBLE,0.0,3605
513,DOUBLE,0.0,1478
514,DOUBLE,0.0,4803
510,DOUBLE,0.0,3570
517,DOUBLE,0.0,1630
516,DOUBLE,0.0,3305
518,DOUBLE,0.0,3092
515,DOUBLE,0.0,2979
519,DOUBLE,0.0,2694
522,DOUBLE,0.0,3444
521,DOUBLE,0.0,1674
520,DOUBLE,0.0,3747
525,DOUBLE,0.0,1063
524,DOUBLE,0.0,2743
527,DOUBLE,0.0,2026
526,DOUBLE,0.0,2905
523,DOUBLE,0.0,4219
531,DOUBLE,0.0,2382
530,DOUBLE,0.0,3838
528,DOUBLE,0.0,3733
532,DOUBLE,0.0,3451
529,DOUBLE,0.0,1637
533,DOUBLE,0.0,1591
534,DOUBLE,0.0,3352
536,DOUBLE,0.0,4538
539,DOUBLE,0.0,2277
538,DOUBLE,0.0,3257
535,DOUBLE,0.0,2300
540,DOUBLE,0.0,4143
541,DOUBLE,0.0,1879
537,DOUBLE,0.0,2211
542,DOUBLE,0.0,4228
545,DOUBLE,0.0,1804
543,DOUBLE,0.0,2523
544,DOUBLE,0.0,3734
547,DOUBLE,0.0,3021
546,DOUBLE,0.0,3132
550,DOUBLE,0.0,3620
548,DOUBLE,0.0,3586
551,DOUBLE,0.0,2626
549,DOUBLE,0.0,1505
554,DOUBLE,0.0,4104
553,DOUBLE,0.0,1592
555,DOUBLE,0.0,2918
557,DOUBLE,0.0,1649
552,DOUBLE,0.0,3336
558,DOUBLE,0.0,3534
559,DOUBLE,0.0,2723
560,DOUBLE,0.0,4118
562,DOUBLE,0.0,3758
563,DOUBLE,0.0,1807
556,DOUBLE,0.0,4487
561,DOUBLE,0.0,1891
565,DOUBLE,0.0,2246
564,DOUBLE,0.0,5312
566,DOUBLE,0.0,5850
569,DOUBLE,0.0,2288
567,DOUBLE,0.0,3381
570,DOUBLE,0.0,3830
571,DOUBLE,0.0,2958
568,DOUBLE,0.0,5166
575,DOUBLE,0.0,2640
572,DOUBLE,0.0,4019
574,DOUBLE,0.0,4117
573,DOUBLE,0.0,2313
576,DOUBLE,0.0,4460
577,DOUBLE,0.0,2175
579,DOUBLE,0.0,5357
581,DOUBLE,0.0,1663
582,DOUBLE,0.0,3694
583,DOUBLE,0.0,3188
578,DOUBLE,0.0,3914
585,DOUBLE,0.0,2203
580,DOUBLE,0.0,5198
586,DOUBLE,0.0,4491
584,DOUBLE,0.0,4487
588,DOUBLE,0.0,6153
587,DOUBLE,0.0,4262
591,DOUBLE,0.0,2666
590,DOUBLE,0.0,4084
589,DOUBLE,0.0,2142
592,DOUBLE,0.0,5167
595,DOUBLE,0.0,2884
597,DOUBLE,0.0,1532
594,DOUBLE,0.0,3854
593,DOUBLE,0.0,2333
596,DOUBLE,0.0,5443
599,DOUBLE,0.0,3505
598,DOUBLE,0.0,5164
600,DOUBLE,0.0,5413
603,DOUBLE,0.0,4027
601,DOUBLE,0.0,5446
604,DOUBLE,0.0,4233
605,DOUBLE,0.0,3275
606,DOUBLE,0.0,4428
608,DOUBLE,0.0,3544
609,DOUBLE,0.0,2672
602,DOUBLE,0.0,4400
610,DOUBLE,0.0,5064
611,DOUBLE,0.0,3014
612,DOUBLE,0.0,5412
607,DOUBLE,0.0,4419
613,DOUBLE,0.0,1733
614,DOUBLE,0.0,4629
617,DOUBLE,0.0,2662
615,DOUBLE,0.0,3509
616,DOUBLE,0.0,6684
619,DOUBLE,0.0,4334
620,DOUBLE,0.0,5039
622,DOUBLE,0.0,4236
623,DOUBLE,0.0,3806
618,DOUBLE,0.0,5237
621,DOUBLE,0.0,2066
625,DOUBLE,0.0,2539
624,DOUBLE,0.0,5405
626,DOUBLE,0.0,5315
629,DOUBLE,0.0,1700
630,DOUBLE,0.0,4632
627,DOUBLE,0.0,3453
628,DOUBLE,0.0,4846
632,DOUBLE,0.0,5276
633,DOUBLE,0.0,2472
635,DOUBLE,0.0,3989
631,DOUBLE,0.0,5337
636,DOUBLE,0.0,7296
634,DOUBLE,0.0,5641
637,DOUBLE,0.0,2960
638,DOUBLE,0.0,7026
640,DOUBLE,0.0,6752
642,DOUBLE,0.0,5470
639,DOUBLE,0.0,3729
643,DOUBLE,0.0,4598
641,DOUBLE,0.0,3528
644,DOUBLE,0.0,7822
645,DOUBLE,0.0,3181
647,DOUBLE,0.0,4745
649,DOUBLE,0.0,3620
646,DOUBLE,0.0,7515
650,DOUBLE,0.0,5942
651,DOUBLE,0.0,3658
648,DOUBLE,0.0,5475
652,DOUBLE,0.0,6779
654,DOUBLE,0.0,7167
655,DOUBLE,0.0,3733
657,DOUBLE,0.0,2848
653,DOUBLE,0.0,4591
656,DOUBLE,0.0,6225
659,DOUBLE,0.0,3674
660,DOUBLE,0.0,5562
661,DOUBLE,0.0,3214
658,DOUBLE,0.0,6565
662,DOUBLE,0.0,5449
665,DOUBLE,0.0,3338
664,DOUBLE,0.0,5384
667,DOUBLE,0.0,3467
666,DOUBLE,0.0,5435
668,DOUBLE,0.0,5449
663,DOUBLE,0.0,3932
669,DOUBLE,0.0,2650
670,DOUBLE,0.0,7381
673,DOUBLE,0.0,3964
672,DOUBLE,0.0,7120
671,DOUBLE,0.0,5314
675,DOUBLE,0.0,5894
677,DOUBLE,0.0,2327
674,DOUBLE,0.0,6687
676,DOUBLE,0.0,6924
679,DOUBLE,0.0,6453
680,DOUBLE,0.0,8580
682,DOUBLE,0.0,7259
683,DOUBLE,0.0,4583
678,DOUBLE,0.0,5678
681,DOUBLE,0.0,7290
684,DOUBLE,0.0,8374
686,DOUBLE,0.0,5939
689,DOUBLE,0.0,4173
685,DOUBLE,0.0,2537
688,DOUBLE,0.0,6140
687,DOUBLE,0.0,3687
691,DOUBLE,0.0,6154
690,DOUBLE,0.0,7124
692,DOUBLE,0.0,6887
693,DOUBLE,0.0,2858
695,DOUBLE,0.0,5472
694,DOUBLE,0.0,6461
696,DOUBLE,0.0,6267
698,DOUBLE,0.0,7605
697,DOUBLE,0.0,3885
699,DOUBLE,0.0,6249
701,DOUBLE,0.0,2866
700,DOUBLE,0.0,9263
705,DOUBLE,0.0,3186
702,DOUBLE,0.0,5500
704,DOUBLE,0.0,5952
706,DOUBLE,0.0,6055
703,DOUBLE,0.0,7206
709,DOUBLE,0.0,3408
707,DOUBLE,0.0,5949
711,DOUBLE,0.0,5893
713,DOUBLE,0.0,3195
712,DOUBLE,0.0,6105
708,DOUBLE,0.0,6109
710,DOUBLE,0.0,6837
714,DOUBLE,0.0,8091
715,DOUBLE,0.0,7238
719,DOUBLE,0.0,3932
716,DOUBLE,0.0,5695
717,DOUBLE,0.0,2804
720,DOUBLE,0.0,10128
718,DOUBLE,0.0,7964
722,DOUBLE,0.0,7224
721,DOUBLE,0.0,4321
724,DOUBLE,0.0,6542
723,DOUBLE,0.0,4747
726,DOUBLE,0.0,5535
727,DOUBLE,0.0,5593
725,DOUBLE,0.0,4532
728,DOUBLE,0.0,8580
730,DOUBLE,0.0,8194
732,DOUBLE,0.0,8972
733,DOUBLE,0.0,3330
731,DOUBLE,0.0,5108
734,DOUBLE,0.0,7937
729,DOUBLE,0.0,4216
735,DOUBLE,0.0,8017
736,DOUBLE,0.0,8054
738,DOUBLE,0.0,7667
740,DOUBLE,0.0,8322
739,DOUBLE,0.0,5487
741,DOUBLE,0.0,3784
742,DOUBLE,0.0,8381
737,DOUBLE,0.0,4388
744,DOUBLE,0.0,6865
745,DOUBLE,0.0,3069
746,DOUBLE,0.0,6618
743,DOUBLE,0.0,6418
747,DOUBLE,0.0,6465
750,DOUBLE,0.0,6713
748,DOUBLE,0.0,10128
752,DOUBLE,0.0,7112
749,DOUBLE,0.0,4150
751,DOUBLE,0.0,7413
753,DOUBLE,0.0,6395
755,DOUBLE,0.0,8303
754,DOUBLE,0.0,10463
758,DOUBLE,0.0,10118
756,DOUBLE,0.0,7183
759,DOUBLE,0.0,5555
757,DOUBLE,0.0,4504
760,DOUBLE,0.0,9240
761,DOUBLE,0.0,6567
763,DOUBLE,0.0,9498
765,DOUBLE,0.0,4876
766,DOUBLE,0.0,7391
767,DOUBLE,0.0,7562
764,DOUBLE,0.0,8339
762,DOUBLE,0.0,10199
769,DOUBLE,0.0,3705
770,DOUBLE,0.0,7298
772,DOUBLE,0.0,7873
768,DOUBLE,0.0,7707
773,DOUBLE,0.0,4529
771,DOUBLE,0.0,6352
774,DOUBLE,0.0,8808
775,DOUBLE,0.0,6508
777,DOUBLE,0.0,5947
779,DOUBLE,0.0,5763
780,DOUBLE,0.0,7029
781,DOUBLE,0.0,4195
776,DOUBLE,0.0,7660
778,DOUBLE,0.0,8514
782,DOUBLE,0.0,9039
783,DOUBLE,0.0,6192
784,DOUBLE,0.0,16386
787,DOUBLE,0.0,6451
785,DOUBLE,0.0,8542
788,DOUBLE,0.0,9075
789,DOUBLE,0.0,5283
790,DOUBLE,0.0,9267
786,DOUBLE,0.0,8399
793,DOUBLE,0.0,3536
794,DOUBLE,0.0,6650
792,DOUBLE,0.0,7460
791,DOUBLE,0.0,7125
795,DOUBLE,0.0,7187
797,DOUBLE,0.0,6155
796,DOUBLE,0.0,10431
801,DOUBLE,0.0,6376
798,DOUBLE,0.0,10896
799,DOUBLE,0.0,6414
802,DOUBLE,0.0,17148
803,DOUBLE,0.0,5692
804,DOUBLE,0.0,8794
800,DOUBLE,0.0,10746
806,DOUBLE,0.0,7623
805,DOUBLE,0.0,3343
807,DOUBLE,0.0,5873
808,DOUBLE,0.0,9691
809,DOUBLE,0.0,4382
810,DOUBLE,0.0,9166
812,DOUBLE,0.0,9998
813,DOUBLE,0.0,4920
811,DOUBLE,0.0,8269
815,DOUBLE,0.0,6211
817,DOUBLE,0.0,5368
816,DOUBLE,0.0,10400
814,DOUBLE,0.0,10242
818,DOUBLE,0.0,9313
821,DOUBLE,0.0,3889
820,DOUBLE,0.0,9970
819,DOUBLE,0.0,9745
823,DOUBLE,0.0,6593
822,DOUBLE,0.0,9336
824,DOUBLE,0.0,10278
825,DOUBLE,0.0,5420
827,DOUBLE,0.0,10006
829,DOUBLE,0.0,5072
826,DOUBLE,0.0,8444
830,DOUBLE,0.0,8981
831,DOUBLE,0.0,8527
828,DOUBLE,0.0,14579
834,DOUBLE,0.0,17575
835,DOUBLE,0.0,8589
836,DOUBLE,0.0,11944
833,DOUBLE,0.0,6512
832,DOUBLE,0.0,21303
837,DOUBLE,0.0,4317
839,DOUBLE,0.0,7598
838,DOUBLE,0.0,9364
843,DOUBLE,0.0,5406
842,DOUBLE,0.0,7457
841,DOUBLE,0.0,5454
844,DOUBLE,0.0,12007
840,DOUBLE,0.0,9463
845,DOUBLE,0.0,5702
846,DOUBLE,0.0,16050
849,DOUBLE,0.0,8385
851,DOUBLE,0.0,7389
848,DOUBLE,0.0,12148
850,DOUBLE,0.0,9588
847,DOUBLE,0.0,8272
853,DOUBLE,0.0,4445
852,DOUBLE,0.0,11349
857,DOUBLE,0.0,6296
858,DOUBLE,0.0,9134
855,DOUBLE,0.0,7152
854,DOUBLE,0.0,11959
856,DOUBLE,0.0,11537
859,DOUBLE,0.0,13447
863,DOUBLE,0.0,5678
861,DOUBLE,0.0,4019
860,DOUBLE,0.0,19959
862,DOUBLE,0.0,10039
864,DOUBLE,0.0,10797
866,DOUBLE,0.0,12369
868,DOUBLE,0.0,9922
869,DOUBLE,0.0,5098
865,DOUBLE,0.0,7096
867,DOUBLE,0.0,8241
870,DOUBLE,0.0,12999
873,DOUBLE,0.0,6023
871,DOUBLE,0.0,16784
872,DOUBLE,0.0,20684
875,DOUBLE,0.0,12502
877,DOUBLE,0.0,5937
876,DOUBLE,0.0,10936
874,DOUBLE,0.0,11259
879,DOUBLE,0.0,9907
881,DOUBLE,0.0,4332
880,DOUBLE,0.0,8440
878,DOUBLE,0.0,11387
885,DOUBLE,0.0,6718
884,DOUBLE,0.0,18003
882,DOUBLE,0.0,24594
887,DOUBLE,0.0,11733
886,DOUBLE,0.0,12712
889,DOUBLE,0.0,7622
883,DOUBLE,0.0,21439
888,DOUBLE,0.0,10145
890,DOUBLE,0.0,12584
891,DOUBLE,0.0,9070
894,DOUBLE,0.0,11757
895,DOUBLE,0.0,8060
893,DOUBLE,0.0,6094
892,DOUBLE,0.0,9902
896,DOUBLE,0.0,11399
899,DOUBLE,0.0,7666
901,DOUBLE,0.0,5461
900,DOUBLE,0.0,9897
897,DOUBLE,0.0,24468
903,DOUBLE,0.0,6183
898,DOUBLE,0.0,12050
902,DOUBLE,0.0,7548
904,DOUBLE,0.0,15342
906,DOUBLE,0.0,7963
909,DOUBLE,0.0,17555
908,DOUBLE,0.0,25191
907,DOUBLE,0.0,14319
911,DOUBLE,0.0,7502
905,DOUBLE,0.0,7354
913,DOUBLE,0.0,6760
912,DOUBLE,0.0,11027
910,DOUBLE,0.0,11737
914,DOUBLE,0.0,9578
917,DOUBLE,0.0,5254
916,DOUBLE,0.0,9551
915,DOUBLE,0.0,15235
918,DOUBLE,0.0,20221
920,DOUBLE,0.0,10661
921,DOUBLE,0.0,9051
919,DOUBLE,0.0,13005
922,DOUBLE,0.0,13365
924,DOUBLE,0.0,12753
926,DOUBLE,0.0,14168
923,DOUBLE,0.0,9620
927,DOUBLE,0.0,19763
925,DOUBLE,0.0,32408
930,DOUBLE,0.0,13054
929,DOUBLE,0.0,13619
931,DOUBLE,0.0,14114
933,DOUBLE,0.0,7718
932,DOUBLE,0.0,15205
928,DOUBLE,0.0,22923
935,DOUBLE,0.0,11968
934,DOUBLE,0.0,17780
937,DOUBLE,0.0,15598
939,DOUBLE,0.0,10258
941,DOUBLE,0.0,12904
940,DOUBLE,0.0,14978
942,DOUBLE,0.0,15371
938,DOUBLE,0.0,24079
936,DOUBLE,0.0,24028
943,DOUBLE,0.0,8497
944,DOUBLE,0.0,11551
945,DOUBLE,0.0,7056
946,DOUBLE,0.0,15856
949,DOUBLE,0.0,4678
951,DOUBLE,0.0,6996
948,DOUBLE,0.0,14611
950,DOUBLE,0.0,11895
947,DOUBLE,0.0,10594
953,DOUBLE,0.0,8385
952,DOUBLE,0.0,15000
958,DOUBLE,0.0,10918
956,DOUBLE,0.0,10340
957,DOUBLE,0.0,16034
954,DOUBLE,0.0,27100
959,DOUBLE,0.0,9230
960,DOUBLE,0.0,13764
955,DOUBLE,0.0,26417
961,DOUBLE,0.0,9391
963,DOUBLE,0.0,14638
965,DOUBLE,0.0,9288
966,DOUBLE,0.0,25518
962,DOUBLE,0.0,34011
964,DOUBLE,0.0,33460
967,DOUBLE,0.0,14863
969,DOUBLE,0.0,9566
968,DOUBLE,0.0,15595
973,DOUBLE,0.0,5187
970,DOUBLE,0.0,25787
974,DOUBLE,0.0,18262
972,DOUBLE,0.0,32006
975,DOUBLE,0.0,15872
971,DOUBLE,0.0,33238
976,DOUBLE,0.0,12948
979,DOUBLE,0.0,9154
978,DOUBLE,0.0,12297
983,DOUBLE,0.0,13452
977,DOUBLE,0.0,20591
981,DOUBLE,0.0,30953
982,DOUBLE,0.0,18337
984,DOUBLE,0.0,12148
980,DOUBLE,0.0,15980
986,DOUBLE,0.0,16367
987,DOUBLE,0.0,9002
988,DOUBLE,0.0,10547
985,DOUBLE,0.0,23197
990,DOUBLE,0.0,25027
992,DOUBLE,0.0,14252
989,DOUBLE,0.0,27959
991,DOUBLE,0.0,17757
996,DOUBLE,0.0,12014
993,DOUBLE,0.0,7076
994,DOUBLE,0.0,12883
995,DOUBLE,0.0,18118
997,DOUBLE,0.0,24182
999,DOUBLE,0.0,11612
998,DOUBLE,0.0,8530
