#N,type,distance,time
3,FLOAT,0.0,3
6,FLOAT,0.0,5
5,FLOAT,0.0,4
7,FLOAT,0.0,5
9,FLOAT,0.0,4
10,FLOAT,0.0,4
8,FLOAT,0.0,4
11,FLOAT,0.0,4
4,FLOAT,0.0,4
1,FLOAT,0.0,2
13,FLOAT,0.0,5
14,FLOAT,0.0,5
15,FLOAT,0.0,5
16,FLOAT,0.0,5
17,FLOAT,0.0,5
18,FLOAT,0.0,6
19,FLOAT,0.0,6
20,FLOAT,0.0,6
21,FLOAT,0.0,6
2,FLOAT,0.0,259
22,FLOAT,0.0,7
23,FLOAT,0.0,7
24,FLOAT,0.0,7
25,FLOAT,0.0,7
26,FLOAT,0.0,17
27,FLOAT,0.0,8
28,FLOAT,0.0,10
29,FLOAT,0.0,8
30,FLOAT,0.0,9
31,FLOAT,0.0,8
32,FLOAT,0.0,9
33,FLOAT,0.0,9
34,FLOAT,0.0,10
36,FLOAT,0.0,10
35,FLOAT,0.0,9
37,FLOAT,0.0,11
38,FLOAT,0.0,10
39,FLOAT,0.0,11
40,FLOAT,0.0,10
41,FLOAT,0.0,10
42,FLOAT,0.0,11
43,FLOAT,0.0,11
44,FLOAT,0.0,11
45,FLOAT,0.0,11
46,FLOAT,0.0,12
47,FLOAT,0.0,12
49,FLOAT,0.0,12
48,FLOAT,0.0,13
50,FLOAT,0.0,12
52,FLOAT,0.0,13
53,FLOAT,0.0,13
54,FLOAT,0.0,13
55,FLOAT,0.0,15
56,FLOAT,0.0,14
58,FLOAT,0.0,15
60,FLOAT,0.0,15
57,FLOAT,0.0,14
61,FLOAT,0.0,15
63,FLOAT,0.0,16
64,FLOAT,0.0,16
65,FLOAT,0.0,16
62,FLOAT,0.0,18
66,FLOAT,0.0,17
67,FLOAT,0.0,17
68,FLOAT,0.0,16
70,FLOAT,0.0,18
71,FLOAT,0.0,17
72,FLOAT,0.0,17
12,FLOAT,0.0,8
51,FLOAT,0.0,13
75,FLOAT,0.0,17
76,FLOAT,0.0,17
77,FLOAT,0.0,17
78,FLOAT,0.0,18
79,FLOAT,0.0,18
80,FLOAT,0.0,18
81,FLOAT,0.0,18
74,FLOAT,0.0,20
59,FLOAT,0.0,18
83,FLOAT,0.0,19
84,FLOAT,0.0,20
85,FLOAT,0.0,20
86,FLOAT,0.0,20
87,FLOAT,0.0,20
88,FLOAT,0.0,20
89,FLOAT,0.0,21
90,FLOAT,0.0,21
91,FLOAT,0.0,21
92,FLOAT,0.0,21
93,FLOAT,0.0,22
94,FLOAT,0.0,22
82,FLOAT,0.0,19
96,FLOAT,0.0,22
97,FLOAT,0.0,23
98,FLOAT,0.0,23
95,FLOAT,0.0,21
101,FLOAT,0.0,24
100,FLOAT,0.0,24
102,FLOAT,0.0,23
103,FLOAT,0.0,24
104,FLOAT,0.0,24
105,FLOAT,0.0,24
99,FLOAT,0.0,23
107,FLOAT,0.0,32
108,FLOAT,0.0,25
109,FLOAT,0.0,25
110,FLOAT,0.0,24
111,FLOAT,0.0,26
106,FLOAT,0.0,27
114,FLOAT,0.0,26
113,FLOAT,0.0,27
112,FLOAT,0.0,31
116,FLOAT,0.0,26
117,FLOAT,0.0,27
118,FLOAT,0.0,27
119,FLOAT,0.0,27
120,FLOAT,0.0,28
121,FLOAT,0.0,27
122,FLOAT,0.0,28
123,FLOAT,0.0,29
124,FLOAT,0.0,40
115,FLOAT,0.0,34
126,FLOAT,0.0,30
127,FLOAT,0.0,33
128,FLOAT,0.0,31
129,FLOAT,0.0,28
130,FLOAT,0.0,30
125,FLOAT,0.0,28
73,FLOAT,0.0,21
133,FLOAT,0.0,32
134,FLOAT,0.0,30
135,FLOAT,0.0,30
69,FLOAT,0.0,27
136,FLOAT,0.0,31
137,FLOAT,0.0,30
138,FLOAT,0.0,31
139,FLOAT,0.0,32
140,FLOAT,0.0,31
141,FLOAT,0.0,31
143,FLOAT,0.0,32
142,FLOAT,0.0,36
145,FLOAT,0.0,34
144,FLOAT,0.0,38
146,FLOAT,0.0,41
147,FLOAT,0.0,32
149,FLOAT,0.0,35
150,FLOAT,0.0,33
131,FLOAT,0.0,42
151,FLOAT,0.0,36
153,FLOAT,0.0,35
154,FLOAT,0.0,36
155,FLOAT,0.0,35
156,FLOAT,0.0,38
157,FLOAT,0.0,34
148,FLOAT,0.0,51
159,FLOAT,0.0,36
160,FLOAT,0.0,42
132,FLOAT,0.0,31
161,FLOAT,0.0,41
163,FLOAT,0.0,40
158,FLOAT,0.0,35
164,FLOAT,0.0,38
166,FLOAT,0.0,38
167,FLOAT,0.0,38
165,FLOAT,0.0,42
169,FLOAT,0.0,40
162,FLOAT,0.0,37
170,FLOAT,0.0,14
152,FLOAT,0.0,13
173,FLOAT,0.0,10
172,FLOAT,0.0,9
174,FLOAT,0.0,12
175,FLOAT,0.0,11
177,FLOAT,0.0,12
171,FLOAT,0.0,13
176,FLOAT,0.0,10
168,FLOAT,0.0,13
180,FLOAT,0.0,9
179,FLOAT,0.0,9
182,FLOAT,0.0,12
181,FLOAT,0.0,15
185,FLOAT,0.0,10
183,FLOAT,0.0,17
184,FLOAT,0.0,19
188,FLOAT,0.0,16
189,FLOAT,0.0,11
191,FLOAT,0.0,10
192,FLOAT,0.0,11
178,FLOAT,0.0,38
187,FLOAT,0.0,14
193,FLOAT,0.0,12
190,FLOAT,0.0,12
195,FLOAT,0.0,10
186,FLOAT,0.0,34
198,FLOAT,0.0,10
199,FLOAT,0.0,10
194,FLOAT,0.0,11
200,FLOAT,0.0,10
201,FLOAT,0.0,10
203,FLOAT,0.0,10
204,FLOAT,0.0,13
205,FLOAT,0.0,10
206,FLOAT,0.0,10
202,FLOAT,0.0,18
208,FLOAT,0.0,15
207,FLOAT,0.0,15
196,FLOAT,0.0,10
197,FLOAT,0.0,28
210,FLOAT,0.0,18
209,FLOAT,0.0,11
211,FLOAT,0.0,10
212,FLOAT,0.0,11
213,FLOAT,0.0,11
214,FLOAT,0.0,11
215,FLOAT,0.0,12
216,FLOAT,0.0,12
217,FLOAT,0.0,13
218,FLOAT,0.0,10
219,FLOAT,0.0,12
221,FLOAT,0.0,16
224,FLOAT,0.0,12
225,FLOAT,0.0,11
223,FLOAT,0.0,20
227,FLOAT,0.0,12
222,FLOAT,0.0,11
228,FLOAT,0.0,15
230,FLOAT,0.0,24
231,FLOAT,0.0,12
232,FLOAT,0.0,12
233,FLOAT,0.0,12
234,FLOAT,0.0,11
235,FLOAT,0.0,12
236,FLOAT,0.0,12
237,FLOAT,0.0,11
238,FLOAT,0.0,11
220,FLOAT,0.0,11
241,FLOAT,0.0,14
242,FLOAT,0.0,12
226,FLOAT,0.0,12
243,FLOAT,0.0,20
244,FLOAT,0.0,14
246,FLOAT,0.0,12
245,FLOAT,0.0,13
247,FLOAT,0.0,12
248,FLOAT,0.0,13
239,FLOAT,0.0,12
249,FLOAT,0.0,15
251,FLOAT,0.0,13
240,FLOAT,0.0,18
253,FLOAT,0.0,17
229,FLOAT,0.0,33
254,FLOAT,0.0,12
255,FLOAT,0.0,13
257,FLOAT,0.0,13
258,FLOAT,0.0,14
259,FLOAT,0.0,12
260,FLOAT,0.0,14
256,FLOAT,0.0,13
261,FLOAT,0.0,12
252,FLOAT,0.0,12
262,FLOAT,0.0,13
250,FLOAT,0.0,24
267,FLOAT,0.0,18
268,FLOAT,0.0,13
265,FLOAT,0.0,22
269,FLOAT,0.0,13
263,FLOAT,0.0,19
266,FLOAT,0.0,22
272,FLOAT,0.0,13
274,FLOAT,0.0,13
264,FLOAT,0.0,19
276,FLOAT,0.0,14
271,FLOAT,0.0,37
270,FLOAT,0.0,21
279,FLOAT,0.0,18
278,FLOAT,0.0,24
281,FLOAT,0.0,15
282,FLOAT,0.0,16
283,FLOAT,0.0,15
275,FLOAT,0.0,22
273,FLOAT,0.0,37
280,FLOAT,0.0,70
277,FLOAT,0.0,35
287,FLOAT,0.0,16
288,FLOAT,0.0,18
289,FLOAT,0.0,16
285,FLOAT,0.0,25
286,FLOAT,0.0,21
292,FLOAT,0.0,18
293,FLOAT,0.0,19
294,FLOAT,0.0,21
296,FLOAT,0.0,16
297,FLOAT,0.0,17
290,FLOAT,0.0,23
298,FLOAT,0.0,16
299,FLOAT,0.0,18
300,FLOAT,0.0,28
295,FLOAT,0.0,69
302,FLOAT,0.0,21
303,FLOAT,0.0,15
304,FLOAT,0.0,18
301,FLOAT,0.0,29
306,FLOAT,0.0,18
307,FLOAT,0.0,15
308,FLOAT,0.0,19
284,FLOAT,0.0,26
310,FLOAT,0.0,23
311,FLOAT,0.0,26
291,FLOAT,0.0,93
305,FLOAT,0.0,86
309,FLOAT,0.0,16
314,FLOAT,0.0,57
313,FLOAT,0.0,27
316,FLOAT,0.0,15
318,FLOAT,0.0,26
312,FLOAT,0.0,35
315,FLOAT,0.0,22
320,FLOAT,0.0,19
322,FLOAT,0.0,26
323,FLOAT,0.0,76
319,FLOAT,0.0,24
321,FLOAT,0.0,29
324,FLOAT,0.0,16
328,FLOAT,0.0,17
317,FLOAT,0.0,31
325,FLOAT,0.0,15
326,FLOAT,0.0,17
332,FLOAT,0.0,19
333,FLOAT,0.0,20
334,FLOAT,0.0,57
330,FLOAT,0.0,27
329,FLOAT,0.0,16
337,FLOAT,0.0,17
327,FLOAT,0.0,62
331,FLOAT,0.0,33
336,FLOAT,0.0,42
340,FLOAT,0.0,30
339,FLOAT,0.0,31
343,FLOAT,0.0,17
335,FLOAT,0.0,21
338,FLOAT,0.0,23
344,FLOAT,0.0,23
341,FLOAT,0.0,27
348,FLOAT,0.0,17
345,FLOAT,0.0,37
342,FLOAT,0.0,17
350,FLOAT,0.0,36
351,FLOAT,0.0,17
352,FLOAT,0.0,23
347,FLOAT,0.0,20
353,FLOAT,0.0,35
346,FLOAT,0.0,20
357,FLOAT,0.0,59
349,FLOAT,0.0,32
354,FLOAT,0.0,27
356,FLOAT,0.0,26
358,FLOAT,0.0,26
355,FLOAT,0.0,28
360,FLOAT,0.0,18
359,FLOAT,0.0,53
361,FLOAT,0.0,26
363,FLOAT,0.0,89
362,FLOAT,0.0,52
364,FLOAT,0.0,29
368,FLOAT,0.0,19
367,FLOAT,0.0,35
365,FLOAT,0.0,23
369,FLOAT,0.0,40
373,FLOAT,0.0,32
371,FLOAT,0.0,25
372,FLOAT,0.0,54
375,FLOAT,0.0,22
366,FLOAT,0.0,27
374,FLOAT,0.0,66
370,FLOAT,0.0,21
377,FLOAT,0.0,30
381,FLOAT,0.0,15
382,FLOAT,0.0,17
383,FLOAT,0.0,17
384,FLOAT,0.0,23
385,FLOAT,0.0,17
386,FLOAT,0.0,17
387,FLOAT,0.0,17
388,FLOAT,0.0,17
389,FLOAT,0.0,20
378,FLOAT,0.0,23
379,FLOAT,0.0,18
391,FLOAT,0.0,23
392,FLOAT,0.0,25
376,FLOAT,0.0,31
380,FLOAT,0.0,27
395,FLOAT,0.0,35
396,FLOAT,0.0,20
397,FLOAT,0.0,28
393,FLOAT,0.0,35
399,FLOAT,0.0,19
394,FLOAT,0.0,23
401,FLOAT,0.0,18
402,FLOAT,0.0,18
403,FLOAT,0.0,22
405,FLOAT,0.0,20
398,FLOAT,0.0,21
400,FLOAT,0.0,31
390,FLOAT,0.0,20
407,FLOAT,0.0,18
406,FLOAT,0.0,19
409,FLOAT,0.0,20
408,FLOAT,0.0,42
412,FLOAT,0.0,26
411,FLOAT,0.0,37
410,FLOAT,0.0,38
414,FLOAT,0.0,31
404,FLOAT,0.0,28
415,FLOAT,0.0,30
416,FLOAT,0.0,30
418,FLOAT,0.0,20
413,FLOAT,0.0,40
422,FLOAT,0.0,30
419,FLOAT,0.0,22
420,FLOAT,0.0,20
421,FLOAT,0.0,26
424,FLOAT,0.0,24
425,FLOAT,0.0,23
428,FLOAT,0.0,21
427,FLOAT,0.0,22
429,FLOAT,0.0,20
423,FLOAT,0.0,19
430,FLOAT,0.0,21
432,FLOAT,0.0,23
433,FLOAT,0.0,24
434,FLOAT,0.0,22
435,FLOAT,0.0,24
426,FLOAT,0.0,47
437,FLOAT,0.0,27
431,FLOAT,0.0,29
438,FLOAT,0.0,52
439,FLOAT,0.0,46
436,FLOAT,0.0,47
442,FLOAT,0.0,32
443,FLOAT,0.0,24
417,FLOAT,0.0,24
444,FLOAT,0.0,23
445,FLOAT,0.0,32
446,FLOAT,0.0,29
447,FLOAT,0.0,22
449,FLOAT,0.0,32
440,FLOAT,0.0,24
450,FLOAT,0.0,29
441,FLOAT,0.0,43
452,FLOAT,0.0,30
453,FLOAT,0.0,24
448,FLOAT,0.0,25
456,FLOAT,0.0,47
455,FLOAT,0.0,24
458,FLOAT,0.0,40
457,FLOAT,0.0,36
460,FLOAT,0.0,36
459,FLOAT,0.0,37
462,FLOAT,0.0,34
454,FLOAT,0.0,32
461,FLOAT,0.0,35
464,FLOAT,0.0,32
465,FLOAT,0.0,25
467,FLOAT,0.0,29
451,FLOAT,0.0,38
463,FLOAT,0.0,37
470,FLOAT,0.0,31
471,FLOAT,0.0,29
469,FLOAT,0.0,29
466,FLOAT,0.0,27
474,FLOAT,0.0,45
468,FLOAT,0.0,53
475,FLOAT,0.0,35
477,FLOAT,0.0,51
473,FLOAT,0.0,42
476,FLOAT,0.0,54
478,FLOAT,0.0,64
472,FLOAT,0.0,27
482,FLOAT,0.0,39
483,FLOAT,0.0,30
481,FLOAT,0.0,30
485,FLOAT,0.0,41
480,FLOAT,0.0,28
487,FLOAT,0.0,35
488,FLOAT,0.0,29
484,FLOAT,0.0,40
479,FLOAT,0.0,27
486,FLOAT,0.0,36
490,FLOAT,0.0,36
492,FLOAT,0.0,28
489,FLOAT,0.0,31
496,FLOAT,0.0,36
495,FLOAT,0.0,35
494,FLOAT,0.0,28
498,FLOAT,0.0,35
499,FLOAT,0.0,57
500,FLOAT,0.0,28
491,FLOAT,0.0,32
501,FLOAT,0.0,33
503,FLOAT,0.0,29
504,FLOAT,0.0,27
493,FLOAT,0.0,33
497,FLOAT,0.0,33
507,FLOAT,0.0,25
508,FLOAT,0.0,41
509,FLOAT,0.0,25
511,FLOAT,0.0,33
506,FLOAT,0.0,31
505,FLOAT,0.0,24
513,FLOAT,0.0,30
502,FLOAT,0.0,29
514,FLOAT,0.0,33
510,FLOAT,0.0,54
516,FLOAT,0.0,31
518,FLOAT,0.0,61
512,FLOAT,0.0,30
519,FLOAT,0.0,29
520,FLOAT,0.0,34
522,FLOAT,0.0,31
517,FLOAT,0.0,30
523,FLOAT,0.0,42
521,FLOAT,0.0,31
515,FLOAT,0.0,36
527,FLOAT,0.0,29
528,FLOAT,0.0,46
524,FLOAT,0.0,33
525,FLOAT,0.0,30
531,FLOAT,0.0,41
526,FLOAT,0.0,33
529,FLOAT,0.0,31
534,FLOAT,0.0,38
532,FLOAT,0.0,34
530,FLOAT,0.0,37
537,FLOAT,0.0,29
538,FLOAT,0.0,28
535,FLOAT,0.0,39
536,FLOAT,0.0,33
539,FLOAT,0.0,52
542,FLOAT,0.0,43
540,FLOAT,0.0,36
533,FLOAT,0.0,31
543,FLOAT,0.0,29
541,FLOAT,0.0,31
546,FLOAT,0.0,61
544,FLOAT,0.0,37
547,FLOAT,0.0,33
548,FLOAT,0.0,31
545,FLOAT,0.0,39
552,FLOAT,0.0,38
553,FLOAT,0.0,33
551,FLOAT,0.0,63
549,FLOAT,0.0,40
550,FLOAT,0.0,36
557,FLOAT,0.0,38
558,FLOAT,0.0,32
554,FLOAT,0.0,29
555,FLOAT,0.0,44
556,FLOAT,0.0,69
562,FLOAT,0.0,30
564,FLOAT,0.0,31
565,FLOAT,0.0,24
566,FLOAT,0.0,26
561,FLOAT,0.0,32
559,FLOAT,0.0,39
567,FLOAT,0.0,36
563,FLOAT,0.0,45
570,FLOAT,0.0,33
568,FLOAT,0.0,37
572,FLOAT,0.0,66
569,FLOAT,0.0,43
560,FLOAT,0.0,41
571,FLOAT,0.0,50
574,FLOAT,0.0,61
578,FLOAT,0.0,32
573,FLOAT,0.0,40
576,FLOAT,0.0,78
579,FLOAT,0.0,35
577,FLOAT,0.0,51
582,FLOAT,0.0,40
583,FLOAT,0.0,34
584,FLOAT,0.0,33
575,FLOAT,0.0,44
581,FLOAT,0.0,38
586,FLOAT,0.0,40
589,FLOAT,0.0,67
580,FLOAT,0.0,47
590,FLOAT,0.0,50
587,FLOAT,0.0,43
588,FLOAT,0.0,63
592,FLOAT,0.0,47
585,FLOAT,0.0,48
595,FLOAT,0.0,48
596,FLOAT,0.0,37
593,FLOAT,0.0,36
597,FLOAT,0.0,45
591,FLOAT,0.0,36
600,FLOAT,0.0,57
601,FLOAT,0.0,40
594,FLOAT,0.0,36
602,FLOAT,0.0,55
598,FLOAT,0.0,42
599,FLOAT,0.0,38
603,FLOAT,0.0,34
604,FLOAT,0.0,44
605,FLOAT,0.0,48
610,FLOAT,0.0,45
608,FLOAT,0.0,43
609,FLOAT,0.0,35
606,FLOAT,0.0,44
607,FLOAT,0.0,35
612,FLOAT,0.0,52
611,FLOAT,0.0,40
615,FLOAT,0.0,33
613,FLOAT,0.0,48
614,FLOAT,0.0,60
616,FLOAT,0.0,40
620,FLOAT,0.0,38
618,FLOAT,0.0,38
619,FLOAT,0.0,41
621,FLOAT,0.0,48
617,FLOAT,0.0,86
624,FLOAT,0.0,43
623,FLOAT,0.0,38
622,FLOAT,0.0,44
626,FLOAT,0.0,38
627,FLOAT,0.0,47
630,FLOAT,0.0,45
628,FLOAT,0.0,34
625,FLOAT,0.0,52
629,FLOAT,0.0,35
634,FLOAT,0.0,31
631,FLOAT,0.0,38
632,FLOAT,0.0,41
633,FLOAT,0.0,35
635,FLOAT,0.0,41
636,FLOAT,0.0,47
638,FLOAT,0.0,37
642,FLOAT,0.0,62
639,FLOAT,0.0,40
640,FLOAT,0.0,35
637,FLOAT,0.0,54
641,FLOAT,0.0,37
643,FLOAT,0.0,36
648,FLOAT,0.0,73
644,FLOAT,0.0,41
646,FLOAT,0.0,41
649,FLOAT,0.0,52
645,FLOAT,0.0,40
647,FLOAT,0.0,34
652,FLOAT,0.0,75
650,FLOAT,0.0,51
653,FLOAT,0.0,36
655,FLOAT,0.0,45
651,FLOAT,0.0,57
654,FLOAT,0.0,51
658,FLOAT,0.0,40
657,FLOAT,0.0,44
656,FLOAT,0.0,38
661,FLOAT,0.0,49
663,FLOAT,0.0,53
659,FLOAT,0.0,38
664,FLOAT,0.0,62
660,FLOAT,0.0,56
662,FLOAT,0.0,44
667,FLOAT,0.0,63
666,FLOAT,0.0,60
665,FLOAT,0.0,39
668,FLOAT,0.0,53
670,FLOAT,0.0,43
669,FLOAT,0.0,36
674,FLOAT,0.0,46
671,FLOAT,0.0,59
673,FLOAT,0.0,42
676,FLOAT,0.0,61
675,FLOAT,0.0,51
672,FLOAT,0.0,39
678,FLOAT,0.0,74
679,FLOAT,0.0,60
682,FLOAT,0.0,48
677,FLOAT,0.0,46
684,FLOAT,0.0,42
681,FLOAT,0.0,71
686,FLOAT,0.0,60
680,FLOAT,0.0,48
685,FLOAT,0.0,57
688,FLOAT,0.0,43
683,FLOAT,0.0,56
687,FLOAT,0.0,53
691,FLOAT,0.0,79
692,FLOAT,0.0,45
689,FLOAT,0.0,43
694,FLOAT,0.0,52
695,FLOAT,0.0,48
690,FLOAT,0.0,61
698,FLOAT,0.0,49
697,FLOAT,0.0,45
693,FLOAT,0.0,37
701,FLOAT,0.0,42
702,FLOAT,0.0,47
696,FLOAT,0.0,46
699,FLOAT,0.0,60
703,FLOAT,0.0,78
700,FLOAT,0.0,52
704,FLOAT,0.0,69
706,FLOAT,0.0,46
707,FLOAT,0.0,58
708,FLOAT,0.0,47
705,FLOAT,0.0,103
711,FLOAT,0.0,40
709,FLOAT,0.0,43
710,FLOAT,0.0,50
714,FLOAT,0.0,45
713,FLOAT,0.0,39
712,FLOAT,0.0,97
718,FLOAT,0.0,43
715,FLOAT,0.0,40
717,FLOAT,0.0,41
720,FLOAT,0.0,56
719,FLOAT,0.0,40
724,FLOAT,0.0,44
716,FLOAT,0.0,44
725,FLOAT,0.0,44
727,FLOAT,0.0,63
723,FLOAT,0.0,44
722,FLOAT,0.0,43
721,FLOAT,0.0,40
728,FLOAT,0.0,50
729,FLOAT,0.0,44
726,FLOAT,0.0,43
731,FLOAT,0.0,56
735,FLOAT,0.0,48
730,FLOAT,0.0,50
732,FLOAT,0.0,44
733,FLOAT,0.0,49
738,FLOAT,0.0,46
734,FLOAT,0.0,48
736,FLOAT,0.0,51
737,FLOAT,0.0,64
739,FLOAT,0.0,51
740,FLOAT,0.0,81
741,FLOAT,0.0,75
744,FLOAT,0.0,79
742,FLOAT,0.0,59
746,FLOAT,0.0,43
747,FLOAT,0.0,51
743,FLOAT,0.0,59
745,FLOAT,0.0,61
750,FLOAT,0.0,43
749,FLOAT,0.0,62
748,FLOAT,0.0,49
751,FLOAT,0.0,44
752,FLOAT,0.0,59
753,FLOAT,0.0,45
754,FLOAT,0.0,74
755,FLOAT,0.0,45
757,FLOAT,0.0,50
756,FLOAT,0.0,49
758,FLOAT,0.0,66
761,FLOAT,0.0,49
760,FLOAT,0.0,86
759,FLOAT,0.0,48
762,FLOAT,0.0,87
763,FLOAT,0.0,85
766,FLOAT,0.0,66
765,FLOAT,0.0,149
767,FLOAT,0.0,122
764,FLOAT,0.0,53
770,FLOAT,0.0,60
768,FLOAT,0.0,63
771,FLOAT,0.0,53
769,FLOAT,0.0,68
772,FLOAT,0.0,52
773,FLOAT,0.0,47
776,FLOAT,0.0,64
775,FLOAT,0.0,47
778,FLOAT,0.0,53
774,FLOAT,0.0,74
777,FLOAT,0.0,63
779,FLOAT,0.0,66
780,FLOAT,0.0,82
783,FLOAT,0.0,63
782,FLOAT,0.0,43
785,FLOAT,0.0,70
784,FLOAT,0.0,66
781,FLOAT,0.0,140
786,FLOAT,0.0,46
789,FLOAT,0.0,128
790,FLOAT,0.0,90
791,FLOAT,0.0,94
788,FLOAT,0.0,51
787,FLOAT,0.0,53
792,FLOAT,0.0,75
796,FLOAT,0.0,49
794,FLOAT,0.0,57
795,FLOAT,0.0,79
793,FLOAT,0.0,80
797,FLOAT,0.0,80
799,FLOAT,0.0,53
801,FLOAT,0.0,57
798,FLOAT,0.0,97
802,FLOAT,0.0,66
800,FLOAT,0.0,67
803,FLOAT,0.0,83
805,FLOAT,0.0,61
807,FLOAT,0.0,53
804,FLOAT,0.0,74
810,FLOAT,0.0,54
808,FLOAT,0.0,73
811,FLOAT,0.0,75
806,FLOAT,0.0,56
812,FLOAT,0.0,52
814,FLOAT,0.0,51
816,FLOAT,0.0,84
817,FLOAT,0.0,56
809,FLOAT,0.0,54
813,FLOAT,0.0,54
815,FLOAT,0.0,58
821,FLOAT,0.0,65
818,FLOAT,0.0,66
819,FLOAT,0.0,45
825,FLOAT,0.0,58
823,FLOAT,0.0,51
827,FLOAT,0.0,79
826,FLOAT,0.0,68
824,FLOAT,0.0,119
820,FLOAT,0.0,107
822,FLOAT,0.0,96
830,FLOAT,0.0,59
829,FLOAT,0.0,125
831,FLOAT,0.0,74
828,FLOAT,0.0,157
832,FLOAT,0.0,64
836,FLOAT,0.0,73
833,FLOAT,0.0,65
838,FLOAT,0.0,77
837,FLOAT,0.0,82
834,FLOAT,0.0,90
835,FLOAT,0.0,91
840,FLOAT,0.0,60
839,FLOAT,0.0,95
843,FLOAT,0.0,141
841,FLOAT,0.0,60
842,FLOAT,0.0,81
845,FLOAT,0.0,112
847,FLOAT,0.0,72
846,FLOAT,0.0,93
848,FLOAT,0.0,59
844,FLOAT,0.0,129
849,FLOAT,0.0,78
850,FLOAT,0.0,77
853,FLOAT,0.0,69
852,FLOAT,0.0,70
851,FLOAT,0.0,97
856,FLOAT,0.0,83
855,FLOAT,0.0,102
859,FLOAT,0.0,67
857,FLOAT,0.0,73
854,FLOAT,0.0,99
858,FLOAT,0.0,72
861,FLOAT,0.0,74
860,FLOAT,0.0,97
865,FLOAT,0.0,72
862,FLOAT,0.0,127
863,FLOAT,0.0,53
867,FLOAT,0.0,72
866,FLOAT,0.0,91
870,FLOAT,0.0,78
864,FLOAT,0.0,57
868,FLOAT,0.0,96
871,FLOAT,0.0,61
874,FLOAT,0.0,74
869,FLOAT,0.0,68
873,FLOAT,0.0,55
875,FLOAT,0.0,84
872,FLOAT,0.0,67
877,FLOAT,0.0,107
876,FLOAT,0.0,92
880,FLOAT,0.0,68
878,FLOAT,0.0,80
879,FLOAT,0.0,120
882,FLOAT,0.0,59
883,FLOAT,0.0,48
884,FLOAT,0.0,60
881,FLOAT,0.0,61
887,FLOAT,0.0,72
885,FLOAT,0.0,103
886,FLOAT,0.0,171
888,FLOAT,0.0,141
890,FLOAT,0.0,145
891,FLOAT,0.0,84
889,FLOAT,0.0,106
892,FLOAT,0.0,97
895,FLOAT,0.0,108
894,FLOAT,0.0,97
897,FLOAT,0.0,78
893,FLOAT,0.0,63
898,FLOAT,0.0,98
896,FLOAT,0.0,159
900,FLOAT,0.0,97
902,FLOAT,0.0,84
901,FLOAT,0.0,122
899,FLOAT,0.0,61
904,FLOAT,0.0,78
905,FLOAT,0.0,59
909,FLOAT,0.0,101
903,FLOAT,0.0,104
907,FLOAT,0.0,59
910,FLOAT,0.0,79
912,FLOAT,0.0,66
906,FLOAT,0.0,89
908,FLOAT,0.0,88
913,FLOAT,0.0,79
914,FLOAT,0.0,81
918,FLOAT,0.0,76
917,FLOAT,0.0,93
911,FLOAT,0.0,83
919,FLOAT,0.0,87
920,FLOAT,0.0,84
915,FLOAT,0.0,105
916,FLOAT,0.0,104
922,FLOAT,0.0,120
923,FLOAT,0.0,108
925,FLOAT,0.0,101
926,FLOAT,0.0,133
927,FLOAT,0.0,98
929,FLOAT,0.0,115
921,FLOAT,0.0,77
930,FLOAT,0.0,106
933,FLOAT,0.0,71
932,FLOAT,0.0,68
924,FLOAT,0.0,78
931,FLOAT,0.0,82
928,FLOAT,0.0,140
934,FLOAT,0.0,65
937,FLOAT,0.0,77
935,FLOAT,0.0,117
938,FLOAT,0.0,48
940,FLOAT,0.0,57
939,FLOAT,0.0,132
936,FLOAT,0.0,83
941,FLOAT,0.0,143
945,FLOAT,0.0,116
946,FLOAT,0.0,73
947,FLOAT,0.0,106
942,FLOAT,0.0,120
948,FLOAT,0.0,99
949,FLOAT,0.0,58
944,FLOAT,0.0,75
943,FLOAT,0.0,52
952,FLOAT,0.0,51
951,FLOAT,0.0,85
954,FLOAT,0.0,66
950,FLOAT,0.0,61
953,FLOAT,0.0,62
955,FLOAT,0.0,101
958,FLOAT,0.0,81
956,FLOAT,0.0,99
959,FLOAT,0.0,79
961,FLOAT,0.0,78
957,FLOAT,0.0,78
960,FLOAT,0.0,96
962,FLOAT,0.0,65
966,FLOAT,0.0,78
963,FLOAT,0.0,84
965,FLOAT,0.0,61
964,FLOAT,0.0,61
969,FLOAT,0.0,121
968,FLOAT,0.0,99
967,FLOAT,0.0,117
971,FLOAT,0.0,72
970,FLOAT,0.0,136
972,FLOAT,0.0,68
973,FLOAT,0.0,74
976,FLOAT,0.0,109
974,FLOAT,0.0,94
977,FLOAT,0.0,80
980,FLOAT,0.0,82
975,FLOAT,0.0,74
979,FLOAT,0.0,70
978,FLOAT,0.0,69
981,FLOAT,0.0,85
983,FLOAT,0.0,156
982,FLOAT,0.0,111
985,FLOAT,0.0,122
984,FLOAT,0.0,74
986,FLOAT,0.0,138
989,FLOAT,0.0,83
988,FLOAT,0.0,150
992,FLOAT,0.0,67
990,FLOAT,0.0,221
994,FLOAT,0.0,71
987,FLOAT,0.0,67
993,FLOAT,0.0,126
996,FLOAT,0.0,119
991,FLOAT,0.0,81
995,FLOAT,0.0,84
999,FLOAT,0.0,77
998,FLOAT,0.0,82
997,FLOAT,0.0,58
