#N,type,distance
2,DOUBLE,0.0
3,DOUBLE,0.0
4,DOUBLE,6.280369727251149E-16
1,DOUBLE,0.0
5,DOUBLE,8.381999818012141E-16
6,DOUBLE,2.7555010919213304E-15
7,DOUBLE,1.8971498786675813E-15
8,DOUBLE,4.1436758606056175E-15
9,DOUBLE,5.1118506129432806E-15
10,DOUBLE,7.554413264919142E-15
11,DOUBLE,4.240703061197124E-15
12,DOUBLE,1.380878257470049E-14
13,DOUBLE,1.2133980750511295E-14
14,DOUBLE,1.509045946741002E-14
15,DOUBLE,1.5993377954458265E-14
16,DOUBLE,1.6255197532520464E-14
17,DOUBLE,9.574990031803541E-15
19,DOUBLE,3.189568631455954E-14
18,DOUBLE,3.1161291808631114E-14
20,DOUBLE,1.9314370523944302E-14
21,DOUBLE,1.596985415544712E-14
22,DOUBLE,3.195938658032485E-14
23,DOUBLE,5.383654337761355E-14
24,DOUBLE,6.049574361420562E-14
25,DOUBLE,6.448762015923495E-14
27,DOUBLE,5.0026850067011464E-14
28,DOUBLE,1.0273588755974408E-13
31,DOUBLE,1.0460810819998279E-13
33,DOUBLE,1.6856615658433077E-13
34,DOUBLE,1.2375685328955277E-13
35,DOUBLE,1.251088805036965E-13
36,DOUBLE,2.014253970865007E-13
32,DOUBLE,1.1596485490622532E-13
38,DOUBLE,1.5653979306383403E-13
39,DOUBLE,1.6386940632565072E-13
40,DOUBLE,1.9213794509413684E-13
26,DOUBLE,6.316193228161904E-14
30,DOUBLE,8.224414801537988E-14
42,DOUBLE,2.0559265010919314E-13
43,DOUBLE,1.166043986627202E-13
29,DOUBLE,6.747708403316566E-14
45,DOUBLE,2.0396062768400502E-13
46,DOUBLE,3.047578736679185E-13
37,DOUBLE,1.261361349570722E-13
48,DOUBLE,3.048862432051408E-13
41,DOUBLE,5.722179457698373E-13
44,DOUBLE,2.0642446356845118E-13
51,DOUBLE,5.078029468273682E-13
49,DOUBLE,3.3124081277348394E-13
47,DOUBLE,2.3103643564253984E-13
50,DOUBLE,6.039042421517038E-13
52,DOUBLE,3.125352082168631E-13
54,DOUBLE,2.8446515976110476E-13
57,DOUBLE,4.607960063865435E-13
55,DOUBLE,3.083990311389395E-13
53,DOUBLE,2.816153343507266E-13
60,DOUBLE,3.908014049088665E-13
56,DOUBLE,2.9581773228898323E-13
61,DOUBLE,1.1756240512333926E-12
62,DOUBLE,3.365030964378596E-13
59,DOUBLE,7.555289401918464E-13
64,DOUBLE,4.4560451791138267E-13
65,DOUBLE,5.123056384497005E-13
66,DOUBLE,5.490285960238483E-13
67,DOUBLE,7.967545893883266E-13
63,DOUBLE,8.819440945780077E-13
58,DOUBLE,4.893781235283667E-13
69,DOUBLE,7.408609316306158E-13
72,DOUBLE,7.433052112183758E-13
71,DOUBLE,1.2122923108079386E-12
74,DOUBLE,8.712568969233836E-13
73,DOUBLE,7.412224588450311E-13
77,DOUBLE,9.52649309264586E-13
76,DOUBLE,1.0826057932067368E-12
78,DOUBLE,5.897986634674501E-13
79,DOUBLE,6.15445140596943E-13
75,DOUBLE,6.568959243745398E-13
70,DOUBLE,1.0911771703217554E-12
82,DOUBLE,1.5537083338651447E-12
81,DOUBLE,9.138934184069192E-13
84,DOUBLE,1.2875691181649107E-12
85,DOUBLE,1.2284052898145492E-12
80,DOUBLE,1.278931387876936E-12
87,DOUBLE,2.4299906704883245E-12
88,DOUBLE,1.429269896879859E-12
68,DOUBLE,5.860503055066246E-13
89,DOUBLE,1.2497865155974841E-12
90,DOUBLE,1.3886929800532855E-12
91,DOUBLE,7.591535364746826E-13
83,DOUBLE,1.217574110111419E-12
94,DOUBLE,1.3070012737023684E-12
92,DOUBLE,9.449643758457915E-13
95,DOUBLE,1.0224536061559375E-12
86,DOUBLE,1.0423429697495323E-12
98,DOUBLE,7.670349273271315E-13
96,DOUBLE,1.2095780106691212E-12
99,DOUBLE,1.517691896636697E-12
100,DOUBLE,2.454970471701956E-12
93,DOUBLE,8.801547815226463E-13
102,DOUBLE,3.686144705444816E-12
103,DOUBLE,1.7783015728370377E-12
97,DOUBLE,2.4013998255190128E-12
101,DOUBLE,1.481816188850238E-12
106,DOUBLE,1.833811965126775E-12
107,DOUBLE,2.0850667113020416E-12
105,DOUBLE,1.4073300901376595E-12
110,DOUBLE,2.3491874678177593E-12
111,DOUBLE,1.4811864842284583E-12
108,DOUBLE,2.050319332716488E-12
114,DOUBLE,2.996431444982073E-12
109,DOUBLE,1.5649002276310608E-12
113,DOUBLE,2.5861957974465666E-12
116,DOUBLE,1.8734540828402313E-12
104,DOUBLE,3.3016833624749387E-12
117,DOUBLE,1.721453925587757E-12
112,DOUBLE,2.018553076424401E-12
120,DOUBLE,4.191003013381822E-12
118,DOUBLE,3.2113621657725577E-12
122,DOUBLE,2.520369763586716E-12
123,DOUBLE,2.9548442685711773E-12
124,DOUBLE,3.0835572810417045E-12
126,DOUBLE,2.899972796621686E-12
121,DOUBLE,4.744698123976265E-12
119,DOUBLE,2.834552688055214E-12
127,DOUBLE,4.115114932840003E-12
115,DOUBLE,3.53123693480617E-12
131,DOUBLE,4.379429544704161E-12
128,DOUBLE,4.839659055455581E-12
132,DOUBLE,3.2942119084639065E-12
130,DOUBLE,3.846118302314183E-12
125,DOUBLE,2.541464868416332E-12
133,DOUBLE,2.845485349081689E-12
129,DOUBLE,2.5113565740864097E-12
137,DOUBLE,5.551854115326549E-12
138,DOUBLE,4.845274789028187E-12
139,DOUBLE,4.736167621283149E-12
136,DOUBLE,4.248705120363239E-12
141,DOUBLE,3.1376752324813184E-12
142,DOUBLE,2.8338293083657318E-12
143,DOUBLE,2.874901705585131E-12
134,DOUBLE,6.069376771999924E-12
135,DOUBLE,7.713679521514916E-12
140,DOUBLE,4.878548086340029E-12
146,DOUBLE,3.5442829227072536E-12
144,DOUBLE,3.640766941398477E-12
145,DOUBLE,3.50460719472645E-12
149,DOUBLE,5.190349018635576E-12
147,DOUBLE,5.356565885294984E-12
150,DOUBLE,4.842380836589388E-12
148,DOUBLE,6.058485310656003E-12
151,DOUBLE,3.945016188722228E-12
155,DOUBLE,8.276839283394288E-12
153,DOUBLE,3.3447402833508555E-12
156,DOUBLE,3.365977852345936E-12
154,DOUBLE,6.0286229133788005E-12
159,DOUBLE,5.439783606203674E-12
158,DOUBLE,8.688653095612064E-12
152,DOUBLE,7.251492375320856E-12
160,DOUBLE,8.126985195922032E-12
157,DOUBLE,8.845998586415327E-12
161,DOUBLE,4.7185888009393384E-12
162,DOUBLE,5.723400486185026E-12
164,DOUBLE,4.94007699330945E-12
165,DOUBLE,3.7546936046406465E-12
167,DOUBLE,4.809076314254979E-12
168,DOUBLE,7.250741240055758E-12
166,DOUBLE,6.370578110176384E-12
169,DOUBLE,6.424502856788861E-12
171,DOUBLE,3.8466239742074304E-12
172,DOUBLE,9.762495499499035E-12
170,DOUBLE,6.754544840115173E-12
173,DOUBLE,4.469277378738035E-12
174,DOUBLE,7.926050440976162E-12
175,DOUBLE,7.810884751491276E-12
176,DOUBLE,5.831130283490138E-12
178,DOUBLE,5.475799067650167E-12
177,DOUBLE,6.9852838791018E-12
179,DOUBLE,5.853031167374345E-12
180,DOUBLE,6.2247420759553584E-12
163,DOUBLE,8.721497482544471E-12
183,DOUBLE,1.0856595136776725E-11
181,DOUBLE,6.695012166185732E-12
182,DOUBLE,8.230852631407881E-12
184,DOUBLE,1.0281144859070057E-11
187,DOUBLE,7.259224905215023E-12
186,DOUBLE,1.158716438770524E-11
185,DOUBLE,1.1338026004170665E-11
188,DOUBLE,9.738060184616426E-12
192,DOUBLE,8.80445282652742E-12
194,DOUBLE,7.809166507888321E-12
191,DOUBLE,8.099258243243757E-12
195,DOUBLE,8.066824985775156E-12
190,DOUBLE,7.281493984157006E-12
197,DOUBLE,7.629215835469605E-12
189,DOUBLE,1.413405417011182E-11
193,DOUBLE,1.0507432597617328E-11
199,DOUBLE,7.1589383726644584E-12
202,DOUBLE,6.416030901013059E-12
200,DOUBLE,1.8368329426921015E-11
203,DOUBLE,7.932041308500448E-12
204,DOUBLE,6.054771267693937E-12
198,DOUBLE,7.399002417696199E-12
205,DOUBLE,1.1539759599277222E-11
206,DOUBLE,6.72777415375303E-12
207,DOUBLE,9.267800936407777E-12
209,DOUBLE,1.2355554079857E-11
210,DOUBLE,1.51045304735975E-11
196,DOUBLE,9.089186001065563E-12
212,DOUBLE,7.203983937165148E-12
213,DOUBLE,1.2650606256991992E-11
208,DOUBLE,7.441805852104189E-12
214,DOUBLE,1.477217133338815E-11
215,DOUBLE,6.7564591074709135E-12
201,DOUBLE,7.309590432935664E-12
217,DOUBLE,9.152750606034044E-12
216,DOUBLE,1.6343757944237147E-11
211,DOUBLE,1.2696463672079439E-11
220,DOUBLE,9.312286185225727E-12
218,DOUBLE,1.3628776059093628E-11
219,DOUBLE,1.5121244534288536E-11
223,DOUBLE,1.2294824013048267E-11
221,DOUBLE,9.5973602329269E-12
222,DOUBLE,1.0610601806904096E-11
224,DOUBLE,1.0648358063358732E-11
226,DOUBLE,1.785705437684637E-11
225,DOUBLE,1.2319344329381199E-11
227,DOUBLE,9.996475001938787E-12
228,DOUBLE,1.7596238702233258E-11
230,DOUBLE,1.1240245713362018E-11
232,DOUBLE,1.6579768807867268E-11
229,DOUBLE,2.917120711654064E-11
233,DOUBLE,2.114380719120401E-11
231,DOUBLE,1.2681179023532607E-11
234,DOUBLE,1.9981398480251045E-11
235,DOUBLE,8.504896439887055E-12
237,DOUBLE,1.682009913295257E-11
236,DOUBLE,1.6617464349000244E-11
238,DOUBLE,8.282580350738034E-12
241,DOUBLE,1.3167685691817255E-11
239,DOUBLE,2.1051476534195146E-11
240,DOUBLE,1.646040422020878E-11
242,DOUBLE,1.2789954859093733E-11
245,DOUBLE,2.374430686791218E-11
243,DOUBLE,1.1030653820909286E-11
247,DOUBLE,1.8789036299038386E-11
244,DOUBLE,1.4289142785672837E-11
250,DOUBLE,1.5963591559753354E-11
246,DOUBLE,3.413085786219128E-11
249,DOUBLE,3.0199943240605265E-11
248,DOUBLE,3.439238824287649E-11
252,DOUBLE,1.9486717794947594E-11
251,DOUBLE,2.8267754456634542E-11
254,DOUBLE,1.2499782459096664E-11
256,DOUBLE,1.2704933459450896E-11
253,DOUBLE,2.0238019593499246E-11
255,DOUBLE,1.613851934034738E-11
259,DOUBLE,2.4283674029956792E-11
257,DOUBLE,2.103226100225175E-11
258,DOUBLE,2.50447995675529E-11
260,DOUBLE,2.18441185279028E-11
261,DOUBLE,1.5780236492513033E-11
262,DOUBLE,1.783337887084624E-11
267,DOUBLE,1.6931190824354125E-11
263,DOUBLE,1.6535944488693666E-11
264,DOUBLE,2.990595271423757E-11
265,DOUBLE,1.787221065585598E-11
268,DOUBLE,2.6119757398634924E-11
270,DOUBLE,2.1282873033379168E-11
266,DOUBLE,1.4601306275174863E-11
272,DOUBLE,4.1446797383049017E-11
271,DOUBLE,2.3653488889774366E-11
275,DOUBLE,2.531020011631302E-11
269,DOUBLE,2.333120155406654E-11
274,DOUBLE,2.8320091063904762E-11
277,DOUBLE,2.1076614412085526E-11
273,DOUBLE,3.9649696720323035E-11
276,DOUBLE,1.6584393580654222E-11
278,DOUBLE,3.521782171445054E-11
280,DOUBLE,4.508620213283798E-11
279,DOUBLE,2.2915405684109658E-11
281,DOUBLE,3.6983187345907E-11
283,DOUBLE,3.787402336197232E-11
285,DOUBLE,2.5403302725268695E-11
284,DOUBLE,2.312448843522219E-11
282,DOUBLE,1.6873689945295922E-11
286,DOUBLE,2.9901751213978756E-11
289,DOUBLE,2.8092089418563226E-11
287,DOUBLE,4.1272808087855495E-11
292,DOUBLE,5.565274630026096E-11
290,DOUBLE,4.210324797138121E-11
288,DOUBLE,3.001515008760336E-11
291,DOUBLE,2.0655664678681518E-11
296,DOUBLE,4.360272906622775E-11
293,DOUBLE,1.813196641442527E-11
295,DOUBLE,1.856980541559139E-11
298,DOUBLE,2.5728089797505405E-11
294,DOUBLE,2.5769806427655695E-11
297,DOUBLE,4.8089275617169136E-11
299,DOUBLE,2.2938626692559083E-11
300,DOUBLE,3.9583347016813875E-11
302,DOUBLE,2.0735215627842862E-11
301,DOUBLE,5.081367618342547E-11
303,DOUBLE,2.487975277187804E-11
304,DOUBLE,1.916511914445973E-11
307,DOUBLE,3.5353442395802404E-11
306,DOUBLE,1.752761477624709E-11
305,DOUBLE,3.347966695543825E-11
309,DOUBLE,2.315211390657712E-11
308,DOUBLE,4.587889443352644E-11
312,DOUBLE,1.9570617695863213E-11
310,DOUBLE,2.2873227617514758E-11
311,DOUBLE,3.215004304446545E-11
313,DOUBLE,1.864249379868177E-11
314,DOUBLE,1.987370511213893E-11
315,DOUBLE,2.649278713073855E-11
316,DOUBLE,3.37973815600634E-11
320,DOUBLE,2.6157791210845716E-11
317,DOUBLE,3.3132527971213577E-11
318,DOUBLE,2.950161295811604E-11
319,DOUBLE,2.6416414194985194E-11
322,DOUBLE,2.1775239597565665E-11
321,DOUBLE,3.812468049591011E-11
323,DOUBLE,4.328659305996574E-11
324,DOUBLE,2.7381322903474725E-11
325,DOUBLE,3.281002552979473E-11
326,DOUBLE,2.2868113652707578E-11
327,DOUBLE,4.3173423169839964E-11
328,DOUBLE,3.027368980501599E-11
329,DOUBLE,3.962631264786687E-11
331,DOUBLE,2.2731396626118894E-11
332,DOUBLE,2.890148710632534E-11
330,DOUBLE,3.9145905267323755E-11
335,DOUBLE,2.4108080115547992E-11
333,DOUBLE,7.058058304476589E-11
334,DOUBLE,3.839571022234978E-11
336,DOUBLE,2.565777451613016E-11
338,DOUBLE,3.447609905893323E-11
337,DOUBLE,2.7861124865524722E-11
339,DOUBLE,7.945578917034624E-11
340,DOUBLE,2.8358086712199082E-11
341,DOUBLE,3.916030347217436E-11
343,DOUBLE,3.5480313131941443E-11
342,DOUBLE,3.954936378391949E-11
345,DOUBLE,5.880249759337985E-11
344,DOUBLE,4.489841137766959E-11
348,DOUBLE,6.403303581814512E-11
347,DOUBLE,3.397486805778449E-11
346,DOUBLE,2.6445302545030636E-11
349,DOUBLE,4.02270716737263E-11
350,DOUBLE,2.9011064384132368E-11
353,DOUBLE,2.9544363483458014E-11
352,DOUBLE,3.247081423185527E-11
355,DOUBLE,3.364996128962794E-11
354,DOUBLE,4.7437106326375655E-11
356,DOUBLE,3.840528242649022E-11
351,DOUBLE,6.215004205722963E-11
359,DOUBLE,3.320736741141417E-11
360,DOUBLE,2.7028417698415907E-11
357,DOUBLE,5.037481196068505E-11
358,DOUBLE,3.944597079530432E-11
363,DOUBLE,5.0921888233856905E-11
361,DOUBLE,7.423288372887527E-11
362,DOUBLE,5.290081220299392E-11
366,DOUBLE,4.717965948475289E-11
364,DOUBLE,2.944671242954833E-11
369,DOUBLE,5.111703768601039E-11
365,DOUBLE,4.709129614033358E-11
371,DOUBLE,3.4485272276674195E-11
373,DOUBLE,5.307479802874049E-11
367,DOUBLE,4.627673244606001E-11
368,DOUBLE,4.7475752495973467E-11
370,DOUBLE,3.0868467504330255E-11
372,DOUBLE,3.6013587945138426E-11
375,DOUBLE,5.458666851865246E-11
376,DOUBLE,4.7245096723713687E-11
374,DOUBLE,5.1389611316343675E-11
377,DOUBLE,5.261988761384728E-11
378,DOUBLE,3.993917696565319E-11
382,DOUBLE,5.012451217978331E-11
379,DOUBLE,4.8532719509886135E-11
381,DOUBLE,5.848747874903637E-11
380,DOUBLE,4.9862218520768664E-11
383,DOUBLE,3.467001338797182E-11
385,DOUBLE,4.974562775594826E-11
384,DOUBLE,4.6859776475782766E-11
386,DOUBLE,4.6711998852311254E-11
388,DOUBLE,1.0312126846878655E-10
389,DOUBLE,8.7383926483664E-11
387,DOUBLE,3.817395358152176E-11
390,DOUBLE,6.403488850281747E-11
391,DOUBLE,4.466429656679871E-11
392,DOUBLE,6.042748940116027E-11
394,DOUBLE,5.952868753489327E-11
393,DOUBLE,4.1836110964421636E-11
396,DOUBLE,8.27445403861482E-11
397,DOUBLE,4.572237033428905E-11
399,DOUBLE,4.21593489285943E-11
395,DOUBLE,4.758215696454293E-11
401,DOUBLE,4.5231138279255845E-11
402,DOUBLE,4.1953641949366016E-11
398,DOUBLE,5.088535495745283E-11
400,DOUBLE,5.01785696327417E-11
404,DOUBLE,7.077935459953721E-11
405,DOUBLE,6.001010105505244E-11
403,DOUBLE,6.928587564791755E-11
407,DOUBLE,4.4676790045272696E-11
408,DOUBLE,5.033139183208135E-11
406,DOUBLE,4.168940540005828E-11
409,DOUBLE,7.693076731207782E-11
411,DOUBLE,1.0034065245356771E-10
410,DOUBLE,6.068843344531061E-11
413,DOUBLE,1.0715821285867122E-10
412,DOUBLE,3.9323693606929666E-11
415,DOUBLE,6.494508403287469E-11
418,DOUBLE,7.86274448327795E-11
416,DOUBLE,5.690553236958884E-11
420,DOUBLE,5.924930684964025E-11
417,DOUBLE,1.1589831178104859E-10
419,DOUBLE,4.598965652746756E-11
421,DOUBLE,5.908944861188203E-11
422,DOUBLE,4.6598197522840223E-11
414,DOUBLE,1.0185296356324258E-10
424,DOUBLE,1.1170483288358568E-10
423,DOUBLE,6.31929994443503E-11
428,DOUBLE,6.484891790226044E-11
425,DOUBLE,7.344952424048756E-11
430,DOUBLE,4.5394240449914136E-11
427,DOUBLE,5.894031790409926E-11
426,DOUBLE,5.757952101226316E-11
429,DOUBLE,6.077038178231575E-11
432,DOUBLE,6.10682823753983E-11
431,DOUBLE,1.2877522659326957E-10
433,DOUBLE,4.571517123186375E-11
436,DOUBLE,8.858440370129728E-11
435,DOUBLE,9.327439515205427E-11
434,DOUBLE,7.717423922137812E-11
439,DOUBLE,9.417309987380662E-11
437,DOUBLE,5.820219653451808E-11
441,DOUBLE,6.419517695199772E-11
438,DOUBLE,7.549844777132719E-11
442,DOUBLE,1.0948699585844324E-10
440,DOUBLE,6.409173192167827E-11
444,DOUBLE,1.1818682144060233E-10
446,DOUBLE,6.554209952547296E-11
443,DOUBLE,6.384576201057257E-11
448,DOUBLE,1.1770624752660552E-10
445,DOUBLE,8.202626078368525E-11
449,DOUBLE,5.239413070068366E-11
450,DOUBLE,6.049261092044844E-11
447,DOUBLE,7.623683628832367E-11
451,DOUBLE,8.429396763931507E-11
454,DOUBLE,8.223578762400763E-11
453,DOUBLE,6.037818855997301E-11
452,DOUBLE,6.675356101215613E-11
455,DOUBLE,1.1256034992968011E-10
457,DOUBLE,1.376770503158653E-10
458,DOUBLE,1.1426889295895748E-10
456,DOUBLE,1.1142520933704603E-10
460,DOUBLE,5.610157130520044E-11
459,DOUBLE,9.622681818033385E-11
461,DOUBLE,6.067179397772904E-11
462,DOUBLE,6.019384990452181E-11
464,DOUBLE,1.5555058630045693E-10
463,DOUBLE,7.694446468864413E-11
466,DOUBLE,1.4294197769881833E-10
467,DOUBLE,5.865186808451384E-11
468,DOUBLE,7.168542842661552E-11
465,DOUBLE,5.3700231761322215E-11
470,DOUBLE,8.444623472714241E-11
471,DOUBLE,1.320244746860766E-10
472,DOUBLE,9.719181709444413E-11
469,DOUBLE,1.8811609214797187E-10
474,DOUBLE,8.304275322945642E-11
475,DOUBLE,1.6142800984830785E-10
476,DOUBLE,8.616025948260386E-11
473,DOUBLE,1.3557815981002364E-10
479,DOUBLE,1.1102500863113818E-10
478,DOUBLE,1.5188021673662178E-10
480,DOUBLE,6.181283263018145E-11
482,DOUBLE,8.092005537863045E-11
477,DOUBLE,9.32827981525719E-11
483,DOUBLE,7.967922849294595E-11
484,DOUBLE,7.034164223318484E-11
481,DOUBLE,8.331324519161853E-11
485,DOUBLE,1.2157368167731164E-10
487,DOUBLE,1.4320372665466152E-10
488,DOUBLE,6.31091706670972E-11
486,DOUBLE,7.870741558502203E-11
491,DOUBLE,1.4477533061274528E-10
490,DOUBLE,1.2001671878536513E-10
492,DOUBLE,7.692271819514929E-11
495,DOUBLE,1.1731915439128215E-10
489,DOUBLE,6.752563092016217E-11
496,DOUBLE,9.646329568457901E-11
493,DOUBLE,9.472766321350079E-11
494,DOUBLE,6.267050767228E-11
497,DOUBLE,5.510427530941442E-11
499,DOUBLE,1.4198849040969463E-10
500,DOUBLE,7.661985629292545E-11
503,DOUBLE,7.716006306113243E-11
498,DOUBLE,1.501945512405456E-10
502,DOUBLE,7.126518125621928E-11
501,DOUBLE,1.4661100111723613E-10
507,DOUBLE,1.1439157954207246E-10
504,DOUBLE,6.43210415485207E-11
506,DOUBLE,9.538836387434912E-11
505,DOUBLE,8.32592050858949E-11
508,DOUBLE,1.4067458309341418E-10
511,DOUBLE,3.235175738414142E-10
509,DOUBLE,1.5315862467168984E-10
510,DOUBLE,6.147102271647498E-11
514,DOUBLE,1.1771869590226913E-10
512,DOUBLE,1.0553301288407368E-10
513,DOUBLE,1.047464823211719E-10
516,DOUBLE,1.420262657481075E-10
517,DOUBLE,6.954158776606434E-11
515,DOUBLE,9.325666627812979E-11
520,DOUBLE,1.397136573100255E-10
521,DOUBLE,9.016822705154581E-11
518,DOUBLE,1.226638235429789E-10
519,DOUBLE,7.755883435489608E-11
523,DOUBLE,1.5163403865869896E-10
522,DOUBLE,1.2829520779078507E-10
524,DOUBLE,1.0101685460339738E-10
527,DOUBLE,7.10544262316759E-11
525,DOUBLE,1.202663801880277E-10
529,DOUBLE,1.4848527962740832E-10
526,DOUBLE,1.202796751087476E-10
528,DOUBLE,1.0150203594294638E-10
530,DOUBLE,1.1623193379994845E-10
534,DOUBLE,9.418363311475275E-11
535,DOUBLE,1.6117766843404269E-10
531,DOUBLE,1.3613760119213225E-10
533,DOUBLE,9.283659258008115E-11
536,DOUBLE,1.1617880962822014E-10
532,DOUBLE,1.3380188623735023E-10
538,DOUBLE,7.084199199480778E-11
537,DOUBLE,9.831872122001428E-11
540,DOUBLE,1.919252812232486E-10
539,DOUBLE,1.1152742618314448E-10
542,DOUBLE,1.0258332377999224E-10
544,DOUBLE,1.0140961681504024E-10
541,DOUBLE,1.2641571123239714E-10
545,DOUBLE,8.907834886384691E-11
543,DOUBLE,2.397129716946722E-10
546,DOUBLE,1.2147427508324427E-10
547,DOUBLE,1.164827678756808E-10
549,DOUBLE,7.56716078686992E-11
548,DOUBLE,1.3046716484943488E-10
552,DOUBLE,1.410464661733002E-10
550,DOUBLE,1.0114584170217711E-10
551,DOUBLE,1.1034552438449197E-10
553,DOUBLE,1.020922096861554E-10
555,DOUBLE,1.0666870164932618E-10
556,DOUBLE,9.416586954635875E-11
554,DOUBLE,1.0903464242595362E-10
559,DOUBLE,2.341589699916824E-10
557,DOUBLE,3.7061442803576483E-10
558,DOUBLE,2.031757123654998E-10
562,DOUBLE,1.2311389407937412E-10
560,DOUBLE,2.3354704281608463E-10
561,DOUBLE,1.1816603251446622E-10
564,DOUBLE,1.4021295235977504E-10
566,DOUBLE,1.460648685336352E-10
565,DOUBLE,1.0589908810976212E-10
563,DOUBLE,1.5250889440210358E-10
568,DOUBLE,2.020847794659275E-10
567,DOUBLE,1.1599413790586155E-10
570,DOUBLE,1.5977780210008063E-10
572,DOUBLE,1.3002739163159305E-10
569,DOUBLE,1.398997862001039E-10
574,DOUBLE,1.3785671215682527E-10
571,DOUBLE,2.2000648525200006E-10
575,DOUBLE,1.6811135816752198E-10
573,DOUBLE,1.0109370979227705E-10
577,DOUBLE,2.4795915321007556E-10
578,DOUBLE,2.088614420303614E-10
579,DOUBLE,2.2533461208062988E-10
576,DOUBLE,1.359700407821407E-10
581,DOUBLE,1.1254651377523572E-10
580,DOUBLE,2.031891876974612E-10
583,DOUBLE,1.1848348691056998E-10
585,DOUBLE,9.428968716918007E-11
584,DOUBLE,8.510053772781134E-11
582,DOUBLE,8.51736181584073E-11
586,DOUBLE,9.547227591832907E-11
587,DOUBLE,1.596171944617808E-10
589,DOUBLE,1.744199645825617E-10
590,DOUBLE,1.088365925161483E-10
592,DOUBLE,2.0607529571670113E-10
588,DOUBLE,1.2930459480919865E-10
591,DOUBLE,2.4308713375553737E-10
593,DOUBLE,1.9051395183655728E-10
596,DOUBLE,1.0112893161773329E-10
595,DOUBLE,7.70341013200948E-11
594,DOUBLE,1.4303973283613658E-10
599,DOUBLE,2.3954893624278384E-10
597,DOUBLE,2.4533719500396955E-10
598,DOUBLE,1.7437569443945478E-10
602,DOUBLE,2.601027171422743E-10
600,DOUBLE,2.154081774063954E-10
601,DOUBLE,1.0118283294557884E-10
604,DOUBLE,2.0135741685134434E-10
603,DOUBLE,2.377692487343097E-10
608,DOUBLE,1.5639527173316736E-10
609,DOUBLE,1.1539905142576856E-10
606,DOUBLE,1.2197473586716967E-10
607,DOUBLE,9.872788697684598E-11
605,DOUBLE,1.21657420248944E-10
611,DOUBLE,1.6001744373994597E-10
610,DOUBLE,1.541030081320116E-10
612,DOUBLE,1.1963337265274987E-10
615,DOUBLE,2.3078408628585123E-10
613,DOUBLE,1.256509202240963E-10
616,DOUBLE,1.4087284117003662E-10
617,DOUBLE,1.6014940762421048E-10
614,DOUBLE,3.6308780981819666E-10
619,DOUBLE,1.3417272848315065E-10
618,DOUBLE,1.980710317983636E-10
621,DOUBLE,1.682154554538684E-10
620,DOUBLE,1.8820346670000987E-10
623,DOUBLE,2.657874198508381E-10
622,DOUBLE,1.4668440073695166E-10
624,DOUBLE,1.3527255704470775E-10
629,DOUBLE,2.1077084522147516E-10
627,DOUBLE,2.840674639958962E-10
625,DOUBLE,1.8257169387414507E-10
626,DOUBLE,1.0713215037316814E-10
630,DOUBLE,1.5608903058961232E-10
632,DOUBLE,1.8476137286782546E-10
628,DOUBLE,1.4912358847762874E-10
631,DOUBLE,1.0698656544017027E-10
635,DOUBLE,2.895743922426419E-10
634,DOUBLE,1.6977971806220182E-10
633,DOUBLE,1.660479392873171E-10
636,DOUBLE,1.946225680615754E-10
639,DOUBLE,2.50659715206325E-10
638,DOUBLE,1.5734091807217965E-10
637,DOUBLE,1.6642820455103902E-10
642,DOUBLE,2.9883739927072384E-10
640,DOUBLE,1.346054517847861E-10
643,DOUBLE,3.9373737603654035E-10
641,DOUBLE,1.2168076268803674E-10
645,DOUBLE,3.4216951494414616E-10
644,DOUBLE,1.2727560672054494E-10
646,DOUBLE,1.49056197940034E-10
647,DOUBLE,1.241078489977454E-10
649,DOUBLE,1.122988993462748E-10
651,DOUBLE,3.01408148439819E-10
648,DOUBLE,1.3927507758193514E-10
654,DOUBLE,2.065769361125902E-10
650,DOUBLE,2.2675403221761314E-10
653,DOUBLE,2.466425397251726E-10
652,DOUBLE,1.8743140373089773E-10
658,DOUBLE,2.0197583883163617E-10
655,DOUBLE,2.0921500643034108E-10
656,DOUBLE,1.698029356012043E-10
657,DOUBLE,2.8354857350976204E-10
659,DOUBLE,2.2255400300430495E-10
660,DOUBLE,2.20758633595608E-10
662,DOUBLE,1.7260151641274035E-10
661,DOUBLE,3.330676567880886E-10
664,DOUBLE,1.6413041759033575E-10
666,DOUBLE,2.4580390500794635E-10
663,DOUBLE,4.126888830668918E-10
667,DOUBLE,2.6295277066878953E-10
665,DOUBLE,3.4747377197774654E-10
669,DOUBLE,1.6558848736636378E-10
668,DOUBLE,4.688118782070205E-10
671,DOUBLE,2.803497156644852E-10
673,DOUBLE,1.9327757450060545E-10
670,DOUBLE,2.602316695465845E-10
675,DOUBLE,2.8057486889387917E-10
674,DOUBLE,2.073194393936717E-10
672,DOUBLE,1.802367699532681E-10
676,DOUBLE,2.3210434962894766E-10
678,DOUBLE,3.5223554628593945E-10
677,DOUBLE,1.5085208082687984E-10
679,DOUBLE,1.4633134981512086E-10
681,DOUBLE,2.595784698300463E-10
682,DOUBLE,3.5869401893151576E-10
683,DOUBLE,3.9122036166183705E-10
680,DOUBLE,1.4316794971769298E-10
684,DOUBLE,1.3752027294700042E-10
686,DOUBLE,1.6947968028979687E-10
687,DOUBLE,3.8300396187906927E-10
685,DOUBLE,1.5133296005220842E-10
688,DOUBLE,2.219028572003623E-10
689,DOUBLE,2.3191089326690673E-10
692,DOUBLE,2.1318125043023883E-10
691,DOUBLE,3.014832272718593E-10
690,DOUBLE,2.0565171787723102E-10
693,DOUBLE,2.1796732474488323E-10
695,DOUBLE,2.4011123644918086E-10
694,DOUBLE,1.9805579398735063E-10
698,DOUBLE,3.470648490822015E-10
699,DOUBLE,2.4753557537060544E-10
696,DOUBLE,1.9681412055660985E-10
697,DOUBLE,1.7164754340104338E-10
700,DOUBLE,2.2362861562541525E-10
702,DOUBLE,2.9944566271034034E-10
701,DOUBLE,2.6767019156714866E-10
703,DOUBLE,5.602029951035092E-10
705,DOUBLE,1.623483569801465E-10
704,DOUBLE,2.630252127211463E-10
707,DOUBLE,1.8302952209392487E-10
706,DOUBLE,2.0970161718203428E-10
708,DOUBLE,3.3292091305980875E-10
709,DOUBLE,2.2084095663288394E-10
710,DOUBLE,1.6507455125047699E-10
711,DOUBLE,2.985473257499649E-10
712,DOUBLE,2.9308824811558054E-10
714,DOUBLE,2.9546465274421507E-10
713,DOUBLE,2.0249599219646086E-10
715,DOUBLE,1.4975724826893355E-10
717,DOUBLE,5.959486792939117E-10
716,DOUBLE,2.357035122635409E-10
718,DOUBLE,1.9372166371045552E-10
721,DOUBLE,1.690893675077021E-10
719,DOUBLE,3.5389724484247154E-10
723,DOUBLE,1.8930473855149899E-10
722,DOUBLE,2.149635192072452E-10
724,DOUBLE,3.565885919876166E-10
720,DOUBLE,4.787441554299221E-10
726,DOUBLE,2.1685367390666954E-10
725,DOUBLE,2.3107478430706152E-10
728,DOUBLE,2.918816022212667E-10
727,DOUBLE,2.4273899557059053E-10
729,DOUBLE,2.7999322305127805E-10
730,DOUBLE,1.730478677020031E-10
731,DOUBLE,3.390825120686003E-10
732,DOUBLE,2.1523723081617874E-10
735,DOUBLE,2.318074759921629E-10
734,DOUBLE,1.692568446509668E-10
736,DOUBLE,2.196499371276417E-10
733,DOUBLE,1.4940015891085068E-10
739,DOUBLE,3.363667955280647E-10
738,DOUBLE,1.5951630294441799E-10
737,DOUBLE,5.443603345867132E-10
740,DOUBLE,1.7579741828921414E-10
744,DOUBLE,1.7214035752388668E-10
741,DOUBLE,3.902840273184438E-10
743,DOUBLE,2.447727298626745E-10
745,DOUBLE,4.891788640826178E-10
742,DOUBLE,3.252660640828964E-10
746,DOUBLE,1.8037270288484564E-10
747,DOUBLE,4.6111778284618765E-10
749,DOUBLE,2.8637070492720795E-10
748,DOUBLE,2.8253618888918197E-10
752,DOUBLE,1.9437715326198202E-10
753,DOUBLE,1.717266051581845E-10
750,DOUBLE,3.14725329131349E-10
755,DOUBLE,2.648685437645071E-10
754,DOUBLE,2.463022841237006E-10
751,DOUBLE,2.4417415311894786E-10
757,DOUBLE,4.5096917866693786E-10
758,DOUBLE,3.195933240274229E-10
756,DOUBLE,7.205528951281792E-10
761,DOUBLE,2.5554250382420207E-10
760,DOUBLE,2.124594805641422E-10
759,DOUBLE,4.875461145914528E-10
762,DOUBLE,1.8956415603899046E-10
763,DOUBLE,2.3910584623365594E-10
765,DOUBLE,2.1367788094472928E-10
767,DOUBLE,3.3025168710842934E-10
764,DOUBLE,1.7707728339200202E-10
766,DOUBLE,3.3792718623359974E-10
768,DOUBLE,4.714706958175441E-10
769,DOUBLE,1.6097644051082938E-10
771,DOUBLE,3.2427796559098E-10
772,DOUBLE,2.422427258785831E-10
770,DOUBLE,2.524799813663492E-10
773,DOUBLE,2.411514599121034E-10
774,DOUBLE,4.982264600883468E-10
777,DOUBLE,6.330869717352527E-10
775,DOUBLE,3.7539449326828844E-10
778,DOUBLE,1.9986313992692573E-10
776,DOUBLE,2.0640329723153883E-10
780,DOUBLE,5.886651721631608E-10
779,DOUBLE,3.1539407197023195E-10
782,DOUBLE,3.654279934206528E-10
783,DOUBLE,2.8887453540349384E-10
784,DOUBLE,2.2267743204906765E-10
781,DOUBLE,2.3425283934841445E-10
786,DOUBLE,1.732848031732459E-10
785,DOUBLE,3.57299689834889E-10
789,DOUBLE,2.623460337858319E-10
787,DOUBLE,2.428844070312408E-10
790,DOUBLE,2.614242156084856E-10
788,DOUBLE,1.9802383344202923E-10
791,DOUBLE,4.110243256860713E-10
792,DOUBLE,1.8433615744939402E-10
796,DOUBLE,5.3482518413972E-10
794,DOUBLE,2.5939497771965137E-10
793,DOUBLE,3.3269922927736673E-10
795,DOUBLE,3.097228029602661E-10
798,DOUBLE,2.9862468053920566E-10
797,DOUBLE,3.12819048442492E-10
799,DOUBLE,4.4550202416004936E-10
800,DOUBLE,3.1865407534859003E-10
803,DOUBLE,3.3676128552428963E-10
802,DOUBLE,3.812904436628628E-10
801,DOUBLE,2.958660816343439E-10
805,DOUBLE,5.042510853314752E-10
804,DOUBLE,2.943651988829288E-10
807,DOUBLE,2.087984091181383E-10
806,DOUBLE,2.762901851749433E-10
808,DOUBLE,2.0395103661474678E-10
811,DOUBLE,4.008934573196399E-10
812,DOUBLE,2.5266883030283793E-10
813,DOUBLE,4.420946664307479E-10
809,DOUBLE,3.3628888562731163E-10
810,DOUBLE,4.54758480872286E-10
815,DOUBLE,2.5125171387863077E-10
814,DOUBLE,2.125107728678799E-10
816,DOUBLE,2.2960454371112604E-10
819,DOUBLE,3.885429200600754E-10
818,DOUBLE,2.4899238226794296E-10
817,DOUBLE,4.741400605468016E-10
820,DOUBLE,6.153091369753838E-10
823,DOUBLE,2.876256732786686E-10
821,DOUBLE,3.51722595492987E-10
824,DOUBLE,2.2104472419126608E-10
822,DOUBLE,3.348581689710528E-10
825,DOUBLE,4.1714140475157535E-10
826,DOUBLE,2.650126229575278E-10
827,DOUBLE,7.647175115366167E-10
829,DOUBLE,3.0865729416795773E-10
828,DOUBLE,3.1637861774846954E-10
830,DOUBLE,2.9814870017297324E-10
831,DOUBLE,2.7625812748510725E-10
833,DOUBLE,2.6549537568421044E-10
832,DOUBLE,4.1049061372255835E-10
834,DOUBLE,3.721548347268566E-10
836,DOUBLE,2.7832477988987137E-10
837,DOUBLE,2.916349384207706E-10
835,DOUBLE,5.099958233500956E-10
840,DOUBLE,3.5464153835818024E-10
838,DOUBLE,2.5971919059841753E-10
841,DOUBLE,2.300560991708167E-10
839,DOUBLE,2.951926758587575E-10
843,DOUBLE,2.501074070071496E-10
842,DOUBLE,4.2620321161201957E-10
844,DOUBLE,2.0286021473747695E-10
845,DOUBLE,2.7403188052055327E-10
847,DOUBLE,4.406300602166624E-10
846,DOUBLE,2.843464630419845E-10
849,DOUBLE,3.413697102772062E-10
850,DOUBLE,4.207247328302799E-10
848,DOUBLE,3.222245248402089E-10
851,DOUBLE,6.541077679500518E-10
853,DOUBLE,5.842578643111551E-10
852,DOUBLE,5.024294313926703E-10
857,DOUBLE,5.305065275962306E-10
854,DOUBLE,2.739704851872915E-10
856,DOUBLE,3.4210093091679994E-10
855,DOUBLE,4.2221040552625766E-10
861,DOUBLE,5.837502148331453E-10
859,DOUBLE,3.274829851740435E-10
858,DOUBLE,2.9988397876046236E-10
860,DOUBLE,2.514649044549344E-10
864,DOUBLE,3.411363691530056E-10
862,DOUBLE,3.101644774350376E-10
865,DOUBLE,6.101614768994068E-10
867,DOUBLE,4.2176323544751426E-10
863,DOUBLE,4.266646203010538E-10
866,DOUBLE,3.6613273524110923E-10
869,DOUBLE,3.3074595839899246E-10
870,DOUBLE,2.529793596828256E-10
868,DOUBLE,2.5566465611248645E-10
871,DOUBLE,5.439851902266923E-10
872,DOUBLE,2.6604271563535065E-10
876,DOUBLE,4.796533725759389E-10
873,DOUBLE,5.388646751036674E-10
875,DOUBLE,5.131899349919422E-10
874,DOUBLE,4.4706247037673563E-10
877,DOUBLE,5.343420150794032E-10
879,DOUBLE,3.1933639066394903E-10
878,DOUBLE,3.70782737846298E-10
881,DOUBLE,3.635178547067852E-10
882,DOUBLE,3.8155748005586076E-10
880,DOUBLE,7.851582162210491E-10
883,DOUBLE,6.60352217352056E-10
884,DOUBLE,2.80042544709147E-10
885,DOUBLE,2.589807257535881E-10
887,DOUBLE,4.5223202960187336E-10
886,DOUBLE,3.5604344472695004E-10
888,DOUBLE,4.095167815965084E-10
889,DOUBLE,2.9966182313323486E-10
891,DOUBLE,2.5658453139953963E-10
890,DOUBLE,3.6766553690448234E-10
894,DOUBLE,3.5464617353930805E-10
892,DOUBLE,2.5923990731868685E-10
893,DOUBLE,5.476563647022203E-10
896,DOUBLE,2.737559623433583E-10
898,DOUBLE,3.440396578735516E-10
895,DOUBLE,3.9605119184216164E-10
899,DOUBLE,2.573604107602989E-10
897,DOUBLE,3.4284949879115345E-10
901,DOUBLE,4.792224950200819E-10
903,DOUBLE,4.768731520776726E-10
900,DOUBLE,2.752331973443489E-10
902,DOUBLE,3.952952964958456E-10
904,DOUBLE,6.792797435650755E-10
906,DOUBLE,4.829330269018328E-10
907,DOUBLE,6.032014887580317E-10
905,DOUBLE,3.953924132549247E-10
911,DOUBLE,4.6329751146600984E-10
908,DOUBLE,5.160976090934355E-10
910,DOUBLE,4.957156352070058E-10
909,DOUBLE,4.076662896146388E-10
914,DOUBLE,3.488543065532923E-10
912,DOUBLE,4.963678357228218E-10
913,DOUBLE,1.0156959717733116E-9
916,DOUBLE,3.656077385283396E-10
915,DOUBLE,5.854778883929157E-10
918,DOUBLE,6.084976966747035E-10
920,DOUBLE,3.5366140571646554E-10
917,DOUBLE,3.281036831115358E-10
919,DOUBLE,5.512982848010495E-10
922,DOUBLE,3.3331407078840414E-10
924,DOUBLE,4.726858349179963E-10
921,DOUBLE,5.690333204633191E-10
923,DOUBLE,3.1931099431226073E-10
926,DOUBLE,2.8121630024635635E-10
925,DOUBLE,3.892180744369256E-10
927,DOUBLE,6.119096340739816E-10
928,DOUBLE,3.7367439698066107E-10
930,DOUBLE,3.813460103252453E-10
932,DOUBLE,5.682324055733545E-10
929,DOUBLE,3.160741945951173E-10
931,DOUBLE,5.094450972187303E-10
934,DOUBLE,5.330058616692668E-10
933,DOUBLE,4.689448274142194E-10
935,DOUBLE,4.2746459150144744E-10
936,DOUBLE,3.704600792797663E-10
937,DOUBLE,5.875037123459492E-10
938,DOUBLE,6.271226316023615E-10
939,DOUBLE,6.423305221048281E-10
941,DOUBLE,3.752821386981964E-10
942,DOUBLE,3.6594502428322073E-10
940,DOUBLE,9.561863523188663E-10
943,DOUBLE,4.5102241386096864E-10
946,DOUBLE,5.522847734695802E-10
945,DOUBLE,1.0528774518903106E-9
947,DOUBLE,3.8589739737027173E-10
944,DOUBLE,3.3288716227986015E-10
949,DOUBLE,3.4787939195979334E-10
948,DOUBLE,8.021053266027423E-10
950,DOUBLE,9.089023977892907E-10
951,DOUBLE,4.4456588410568543E-10
952,DOUBLE,2.882442340368385E-10
953,DOUBLE,3.993519959166747E-10
954,DOUBLE,6.22497664526378E-10
955,DOUBLE,6.411419728458156E-10
957,DOUBLE,4.109790563422422E-10
956,DOUBLE,4.329692993021439E-10
960,DOUBLE,6.553048659263538E-10
959,DOUBLE,5.070909248061639E-10
958,DOUBLE,6.796204155001817E-10
961,DOUBLE,1.1508881625488243E-9
962,DOUBLE,5.709144268450927E-10
964,DOUBLE,5.565586325140259E-10
963,DOUBLE,3.10382525237074E-10
965,DOUBLE,3.3254490827694383E-10
966,DOUBLE,3.593710884430834E-10
968,DOUBLE,5.113665602074491E-10
967,DOUBLE,3.7569250488367345E-10
970,DOUBLE,8.98059626663894E-10
969,DOUBLE,3.1227553876078673E-10
972,DOUBLE,4.0288081204487014E-10
973,DOUBLE,8.702509268765368E-10
975,DOUBLE,8.078970825664555E-10
974,DOUBLE,1.255650250442386E-9
971,DOUBLE,4.0451073046732233E-10
976,DOUBLE,4.781816054233445E-10
978,DOUBLE,3.923762148527743E-10
977,DOUBLE,6.744475533615457E-10
979,DOUBLE,5.0196008460901E-10
980,DOUBLE,3.416751326312806E-10
981,DOUBLE,4.1126702043925434E-10
985,DOUBLE,3.1402783151612823E-10
982,DOUBLE,6.078971215295326E-10
984,DOUBLE,3.8713687811053887E-10
983,DOUBLE,6.249135653391136E-10
986,DOUBLE,5.504833811009746E-10
988,DOUBLE,1.3297867251793605E-9
987,DOUBLE,4.25509960599868E-10
990,DOUBLE,3.584428032166187E-10
989,DOUBLE,3.8699402016284523E-10
991,DOUBLE,1.2498250212544804E-9
992,DOUBLE,1.0403298222882995E-9
993,DOUBLE,1.0550940121589747E-9
995,DOUBLE,4.3947190331294905E-10
994,DOUBLE,5.268309677397554E-10
997,DOUBLE,3.8272152114160463E-10
996,DOUBLE,7.321118711267616E-10
998,DOUBLE,4.728466507231133E-10
999,DOUBLE,6.363151672239553E-10
